departamento,ciudad,1994,1995,1996,1997,1998,1999,2000,2001,2002,2003,2004,2005,2006,2007,2008,2009,2010,2011,2012,2013,2014,2015,2016,2017,2018,2019,2020,2021,2022,2023,2024,Total
Santander,Barrancabermeja,0,0,1,3,10,5,39,41,19,54,26,13,26,14,3,0,0,0,0,0,0,0,16,14,15,1,0,0,1,1,1,303
Norte de Santander,Cúcuta,1,0,2,3,1,4,11,9,29,85,9,1,0,2,6,11,0,0,0,0,0,0,12,11,6,2,4,7,7,15,7,245
Arauca,Tame,1,1,3,1,2,2,3,10,23,30,41,17,11,8,6,6,1,1,1,1,2,0,1,5,2,2,0,1,9,4,11,206
Antioquia,Medellín,2,0,2,5,1,5,7,20,59,34,18,6,12,8,8,3,0,0,0,0,0,0,0,1,0,0,0,1,1,0,0,193
Bogotá,Bogotá,5,2,3,4,1,4,5,11,14,10,16,22,12,4,8,4,0,0,1,0,0,0,4,5,2,2,11,6,2,1,0,159
Norte de Santander,Tibú,0,0,0,0,1,8,23,22,22,20,15,10,3,0,1,0,1,0,1,0,1,0,1,3,4,3,3,5,1,8,1,157
Magdalena,Ciénaga,1,0,1,0,0,0,10,8,14,51,43,18,0,0,1,0,0,0,0,0,0,0,0,0,0,0,0,0,1,0,1,149
Risaralda,Pereira,0,0,0,0,0,0,0,1,3,14,42,74,1,0,1,0,0,0,0,0,0,0,0,0,0,0,0,0,1,0,0,137
Valle del Cauca,Buenaventura,0,1,0,0,1,0,20,10,7,17,33,13,2,7,1,0,2,2,1,0,0,0,3,8,0,0,0,0,3,3,1,135
Atlántico,Barranquilla,0,0,1,0,0,3,0,4,6,35,20,21,1,0,0,1,0,0,0,0,0,0,0,0,1,0,1,1,0,10,29,134
Bolívar,El Carmen de Bolívar,1,0,0,1,1,6,17,4,12,36,16,18,0,1,2,0,0,0,0,0,0,0,0,0,0,1,0,1,0,8,1,126
Arauca,Saravena,1,1,0,3,1,0,0,3,9,29,14,10,4,3,23,3,2,1,0,0,0,0,3,0,2,1,0,1,4,0,2,120
Magdalena,Santa Marta,0,0,0,1,0,1,1,4,11,36,23,33,0,0,0,0,0,0,0,0,0,0,0,0,0,0,0,1,0,2,3,116
Bolívar,Cartagena,1,1,0,1,0,0,0,3,7,33,31,16,0,1,0,0,0,0,0,0,0,0,3,1,1,1,2,1,0,4,0,107
Caquetá,San Vicente del Caguán,0,0,0,1,1,1,1,2,34,13,20,3,3,3,3,1,1,1,0,2,0,1,1,0,1,3,0,2,2,0,2,102
Antioquia,San Carlos,0,1,0,1,5,10,21,24,19,7,8,1,0,0,1,0,0,0,0,0,0,0,0,0,0,0,0,0,0,0,0,98
Meta,El Castillo,0,0,1,0,1,1,2,3,20,42,15,7,1,2,1,1,0,0,0,0,1,0,0,0,0,0,0,0,0,0,0,98
Valle del Cauca,Cali,0,0,1,0,0,3,7,5,10,11,28,4,5,4,3,2,0,2,0,0,0,0,0,0,1,0,1,6,0,1,0,94
Meta,Vista Hermosa,0,0,0,0,2,0,1,1,27,5,13,8,17,9,5,1,1,0,2,0,0,1,0,0,0,0,0,0,1,0,0,94
Bolívar,San Pablo,0,0,0,1,0,10,6,7,6,7,8,7,2,7,0,0,0,0,0,0,0,0,1,5,1,2,4,1,4,7,5,91
Nariño,Tumaco,0,0,0,0,0,0,19,5,4,1,9,4,0,3,1,1,1,2,1,2,3,1,2,7,17,5,0,1,0,0,1,90
Antioquia,Apartadó,1,2,3,3,0,4,15,6,11,2,12,10,2,4,2,0,0,0,0,0,0,0,0,0,1,0,2,2,0,4,3,89
Magdalena,Zona Bananera,0,0,0,0,0,3,0,12,9,41,15,8,0,0,0,0,0,0,0,0,0,0,0,0,0,0,0,0,0,0,0,88
Antioquia,Cocorná,0,0,0,0,1,1,9,21,21,14,10,8,1,0,0,0,0,0,0,0,0,0,0,0,0,0,0,0,0,0,1,87
Antioquia,Ituango,0,2,2,2,0,0,5,6,6,14,14,6,5,0,1,0,0,0,0,0,2,0,0,1,1,1,1,2,5,6,0,82
Arauca,Arauquita,1,0,1,3,0,2,4,3,6,9,1,3,4,0,20,1,1,1,0,0,0,1,0,0,4,1,1,4,1,1,4,77
Huila,Neiva,1,1,1,0,0,0,5,4,7,14,17,13,0,2,3,0,4,2,0,0,0,1,0,0,0,0,0,0,1,0,1,77
Caldas,Samaná,0,0,0,0,0,2,1,2,16,20,18,12,0,2,1,0,0,0,0,0,0,0,0,0,0,0,0,0,0,0,0,74
Cesar,Valledupar,0,0,0,0,0,0,10,5,17,18,14,8,0,0,0,0,0,0,0,0,0,0,0,0,0,0,0,0,0,0,2,74
Antioquia,Granada,0,0,1,0,0,1,6,4,16,23,9,10,1,0,0,0,0,1,0,0,0,0,0,0,0,0,0,0,0,0,0,72
Antioquia,Urrao,2,0,2,2,2,1,15,2,5,19,2,16,1,0,1,0,0,0,0,0,0,0,0,0,0,0,0,0,0,0,1,71
Cauca,Argelia,0,0,0,2,0,0,2,0,1,3,2,4,0,1,0,1,0,1,1,0,0,1,0,0,1,3,6,15,3,4,18,69
Sucre,Ovejas,0,0,0,0,0,0,9,5,9,14,9,22,0,0,0,0,0,0,0,0,0,0,0,0,0,0,0,0,1,0,0,69
Putumayo,Puerto Asís,0,0,0,0,3,0,3,2,10,4,6,4,4,2,4,0,2,0,1,0,0,0,0,0,0,2,3,2,0,14,2,68
Antioquia,Yondó,0,0,1,0,0,0,24,6,10,3,8,0,0,1,2,4,0,0,0,0,0,0,0,2,1,1,0,0,0,2,3,68
Huila,Algeciras,0,0,0,0,0,0,4,1,20,10,9,15,0,1,4,0,1,0,0,0,0,0,1,0,0,0,0,0,0,0,0,66
Valle del Cauca,Tuluá,0,0,0,0,0,7,18,6,12,8,7,2,1,1,1,1,0,0,0,0,0,0,0,0,0,0,0,1,0,0,1,66
Cauca,El Tambo,0,0,0,0,0,0,1,15,9,7,8,2,2,1,1,0,1,0,0,0,0,1,0,1,1,0,9,1,4,1,1,66
Tolima,Ibagué,0,0,0,0,0,1,6,6,9,7,16,12,3,1,1,0,0,0,0,0,0,0,0,1,0,0,0,2,0,0,0,65
Caldas,Anserma,0,0,0,0,0,0,1,4,1,21,13,24,1,0,0,0,0,0,0,0,0,0,0,0,0,0,0,0,0,0,0,65
Antioquia,Antioquia department,2,0,5,2,2,6,6,4,7,8,1,4,5,2,1,2,3,0,1,1,2,0,0,0,0,0,1,0,0,0,0,65
Antioquia,Dabeiba,1,0,3,1,1,9,9,3,12,7,3,9,1,0,0,1,0,0,0,0,0,0,0,0,0,0,0,2,0,2,0,64
Antioquia,Remedios,0,0,0,2,1,1,8,10,5,4,6,5,5,4,3,0,0,0,0,0,0,0,0,1,0,2,0,0,2,0,3,62
Antioquia,San Luis,1,0,0,1,0,2,9,6,19,9,7,6,2,0,0,0,0,0,0,0,0,0,0,0,0,0,0,0,0,0,0,62
Caquetá,Florencia,0,0,0,0,0,0,4,5,16,14,15,3,1,0,0,0,0,0,0,0,0,0,1,0,0,0,0,0,0,1,2,62
Magdalena,Aracataca,0,0,0,0,0,0,1,2,4,34,8,12,0,0,0,0,0,0,0,0,0,0,0,0,0,0,0,0,0,0,0,61
Cauca,Corinto,0,0,0,0,0,0,1,2,7,3,6,5,0,1,3,2,0,1,0,0,0,0,0,2,1,5,2,7,0,5,7,60
Antioquia,San Francisco,0,0,0,1,1,4,2,5,4,23,12,7,0,0,0,0,0,0,1,0,0,0,0,0,0,0,0,0,0,0,0,60
Huila,Pitalito,0,0,0,1,0,0,4,1,12,6,19,9,2,4,1,0,0,0,0,0,0,0,0,0,0,0,0,0,0,0,1,60
Cauca,Santander de Quilichao,0,0,0,0,0,1,7,14,4,7,3,1,0,0,0,0,1,2,0,0,2,0,0,0,1,0,2,1,0,5,7,58
Arauca,Arauca,0,1,0,1,0,0,2,4,13,12,7,6,2,1,1,0,0,0,0,0,0,0,1,1,2,0,1,1,0,1,0,57
Cesar,Aguachica,0,1,0,2,0,1,10,9,4,4,1,2,4,10,3,0,0,0,0,0,0,0,0,2,0,0,0,0,0,0,4,57
Norte de Santander,Teorama,0,0,0,0,0,2,1,3,15,7,2,4,2,4,1,0,0,0,0,0,0,1,0,1,1,3,1,4,1,0,3,56
Caquetá,Puerto Rico,0,0,0,1,0,2,1,6,10,6,8,12,2,2,0,1,1,1,0,0,0,0,0,0,0,0,0,0,0,1,1,55
Arauca,Fortul,1,0,0,0,0,0,3,3,2,10,4,2,1,5,8,0,1,1,0,1,0,0,3,0,3,0,0,1,4,0,1,54
Norte de Santander,El Tarra,0,0,1,0,0,0,2,10,9,10,9,2,0,0,0,2,0,0,0,0,1,0,1,0,2,1,2,1,0,0,0,53
Guaviare,San José del Guaviare,0,0,2,1,0,0,0,5,3,10,15,1,1,0,9,2,0,0,0,0,0,0,0,0,2,0,0,0,1,0,1,53
Antioquia,Sonsón,0,0,2,0,1,0,6,8,6,12,6,8,0,2,0,0,0,0,0,0,0,0,0,0,0,0,0,0,0,0,1,52
Córdoba,Tierralta,1,0,0,0,0,4,6,8,1,4,12,2,0,3,1,0,0,0,0,1,0,0,1,0,0,1,0,0,2,4,0,51
Cauca,Caloto,1,0,0,1,0,0,2,5,4,1,0,2,1,0,0,1,0,4,2,2,0,0,1,0,3,1,5,2,0,11,2,51
Magdalena,Fundación,0,0,0,1,1,0,3,0,5,25,9,3,0,0,1,0,0,0,0,0,0,0,0,0,0,0,0,0,0,0,1,49
Caldas,Manizales,0,0,0,0,1,0,1,1,14,3,10,17,1,1,0,0,0,0,0,0,0,0,0,0,0,0,0,0,0,0,0,49
Cesar,Agustín Codazzi,0,0,1,2,0,2,7,9,13,6,3,5,0,0,0,0,0,0,0,0,0,0,0,0,0,0,1,0,0,0,0,49
Chocó,Ríosucio,1,0,1,2,0,5,8,4,10,0,0,1,1,1,0,0,0,0,0,0,0,0,1,8,1,1,1,0,0,0,2,48
Córdoba,Montería,0,0,0,0,0,2,0,2,2,18,9,7,1,2,2,0,0,0,0,0,0,0,0,1,1,0,0,0,0,0,0,47
Antioquia,Segovia,0,1,3,1,1,2,6,8,3,2,0,1,1,0,2,0,0,0,1,0,0,2,1,1,0,0,0,1,2,6,2,47
Meta,Puerto Rico,0,0,0,0,0,0,3,2,3,12,1,9,4,6,2,0,2,0,0,0,0,0,0,1,1,0,0,0,0,0,0,46
Cundinamarca,Soacha,1,0,0,0,0,0,0,0,16,7,3,2,1,0,3,0,0,0,0,0,0,0,0,6,2,0,4,0,0,1,0,46
Risaralda,Quinchía,0,0,0,0,0,0,2,1,11,11,12,6,1,1,1,0,0,0,0,0,0,0,0,0,0,0,0,0,0,0,0,46
La Guajira,Riohacha,0,0,0,0,0,0,4,5,6,4,3,5,1,2,1,0,0,0,0,0,0,0,0,0,0,0,0,0,0,8,6,45
Arauca,Arauca department,2,0,2,2,0,2,1,1,6,5,2,2,0,1,1,1,3,1,4,1,2,1,2,0,2,0,0,0,1,0,0,45
Meta,Meta department,2,1,1,4,0,0,3,3,6,3,1,4,3,2,1,5,1,0,0,1,2,1,0,0,0,0,0,0,1,0,0,45
Cauca,Cauca department,0,0,2,0,0,1,5,1,3,2,2,1,3,6,0,4,4,3,1,0,1,2,0,0,0,1,1,0,2,0,0,45
Cauca,Cajibío,0,0,0,0,0,2,13,10,1,4,1,2,0,0,0,0,0,0,0,0,0,0,0,0,1,0,1,1,1,2,6,45
Chocó,Quibdó,0,0,0,0,0,0,10,7,1,5,5,6,2,0,1,0,0,0,0,0,0,0,1,0,1,0,1,0,0,3,2,45
Antioquia,San Rafael,0,0,0,0,0,0,16,8,7,3,4,4,0,0,1,0,0,0,0,0,0,0,0,0,0,0,0,0,0,0,0,43
Cauca,Toribío,1,0,0,0,0,0,1,1,1,2,6,5,2,1,2,1,0,3,1,0,1,0,0,0,0,1,1,0,1,4,7,42
Tolima,Planadas,0,1,0,1,0,0,1,2,7,3,7,10,1,0,4,1,2,0,0,0,1,0,0,0,0,0,0,0,0,0,1,42
Caquetá,Caquetá department,0,1,1,4,0,1,0,2,8,4,1,3,3,0,0,4,4,2,1,2,0,1,0,0,0,0,0,0,0,0,0,42
Antioquia,Yarumal,0,0,0,0,0,0,2,3,9,10,2,1,2,1,3,0,0,0,0,0,1,0,0,0,2,0,0,1,0,3,1,41
Atlántico,Soledad,0,0,0,0,0,0,0,0,5,11,3,7,0,1,0,0,0,0,0,0,0,0,0,0,0,0,1,0,0,4,9,41
Cauca,Caldono,0,0,0,2,0,0,0,2,3,1,2,1,0,0,3,0,1,2,1,0,0,0,1,0,1,0,1,4,3,9,4,41
Meta,San Juan de Arama,0,0,0,1,1,1,1,4,10,10,6,4,1,1,0,0,0,0,0,0,0,0,0,0,0,0,0,0,0,0,0,40
Cauca,Miranda,0,0,0,0,0,2,3,6,7,4,3,2,0,0,0,0,0,0,0,0,0,0,0,1,1,1,2,0,1,6,1,40
Tolima,Chaparral,0,0,0,0,2,1,5,5,2,3,5,5,3,1,3,1,1,0,0,0,0,1,0,0,0,0,0,0,0,1,1,40
La Guajira,San Juan del César,0,0,0,1,0,0,3,3,11,4,8,6,2,0,0,0,0,0,0,0,0,0,0,0,0,0,0,0,0,2,0,40
Valle del Cauca,Jamundí,0,0,0,0,1,1,12,2,11,1,3,1,0,0,1,0,0,1,0,0,0,0,0,0,0,2,0,0,0,1,3,40
Antioquia,El Bagre,0,0,0,1,0,0,0,3,5,7,1,3,0,0,0,0,2,0,1,0,0,0,9,0,1,0,0,1,3,1,2,40
Cauca,Patía,0,0,0,0,0,0,3,3,15,4,4,0,3,1,0,0,0,0,1,0,0,0,0,0,0,0,0,1,1,2,1,39
Caldas,Riosucio,0,0,0,0,0,0,5,6,5,14,5,0,1,0,2,1,0,0,0,0,0,0,0,0,0,0,0,0,0,0,0,39
Norte de Santander,Ocaña,0,0,0,1,0,1,4,9,2,8,1,1,1,2,0,0,0,0,0,0,0,0,1,0,0,2,0,0,1,5,0,39
Meta,La Macarena,0,0,0,0,0,0,0,0,9,3,2,1,5,2,3,3,3,2,0,0,0,0,0,0,1,2,2,1,0,0,0,39
Bolívar,Santa Rosa del Sur,0,0,0,0,0,0,5,6,2,1,1,0,1,1,1,3,0,0,0,0,0,0,0,1,0,2,1,0,0,8,6,39
Putumayo,Valle del Guamuez,0,0,0,0,2,5,7,1,5,3,7,2,0,2,0,0,0,0,0,1,0,0,0,0,0,0,0,0,0,3,1,39
Caquetá,El Doncello,0,0,0,1,0,1,5,2,16,3,1,2,1,2,2,0,0,0,0,0,0,0,0,0,0,0,0,0,0,0,1,37
Antioquia,Turbo,0,4,1,4,0,4,8,3,0,2,0,0,0,7,0,0,0,0,0,0,0,0,1,1,0,0,0,0,0,1,0,36
Risaralda,Dosquebradas,0,0,0,0,0,0,0,0,2,5,8,19,0,1,1,0,0,0,0,0,0,0,0,0,0,0,0,0,0,0,0,36
Valle del Cauca,Florida,0,0,1,0,0,0,0,5,13,2,6,3,1,1,2,0,0,0,0,0,0,0,0,0,0,0,0,0,0,0,1,35
Huila,Acevedo,0,0,0,0,0,1,0,5,5,15,2,2,0,1,1,0,0,0,0,0,0,0,0,0,0,0,0,0,0,0,3,35
Norte de Santander,Villa del Rosario,1,0,0,0,0,0,4,8,7,8,1,0,0,0,0,0,0,0,0,0,0,0,1,0,1,0,1,1,0,1,1,35
Antioquia,Mutatá,0,1,4,3,3,3,6,2,1,3,0,4,0,1,0,0,0,0,0,0,0,0,0,0,0,1,0,0,0,2,1,35
Caldas,Pensilvania,0,0,0,0,0,1,3,3,6,5,10,4,1,1,0,0,0,0,0,0,0,0,0,0,0,0,0,0,0,0,0,34
Meta,Villavicencio,1,0,0,1,2,0,1,5,11,3,6,2,1,0,0,1,0,0,0,0,0,0,0,0,0,0,0,0,0,0,0,34
Norte de Santander,Sardinata,0,0,0,0,1,1,6,6,5,2,4,2,0,0,0,0,0,2,0,0,0,0,1,1,0,1,2,0,0,0,0,34
Cauca,Buenos Aires,0,0,0,0,0,1,8,4,2,1,1,0,1,0,0,0,0,0,0,0,0,1,0,0,0,0,3,2,5,2,3,34
Guaviare,Calamar,0,2,0,0,0,0,0,1,11,4,9,1,0,0,0,1,0,0,0,0,0,0,0,0,3,0,0,1,0,0,1,34
Antioquia,Anorí,0,0,0,1,0,0,7,2,2,0,3,5,1,0,0,0,0,0,0,0,0,1,0,0,0,1,1,1,0,2,7,34
Norte de Santander,Norte de Santander department,0,1,5,3,2,1,3,0,2,2,1,5,2,0,2,0,1,0,0,0,1,1,1,0,0,0,0,0,1,0,0,34
Caldas,Aguadas,0,0,0,0,0,0,1,5,11,6,8,2,0,0,1,0,0,0,0,0,0,0,0,0,0,0,0,0,0,0,0,34
Antioquia,El Santuario,0,0,1,0,0,0,11,12,5,2,1,1,0,0,0,0,0,0,0,0,0,0,0,0,0,0,0,0,0,0,0,33
Putumayo,Orito,1,0,0,0,0,1,5,4,1,5,8,1,0,0,0,0,0,0,0,0,0,0,0,0,0,0,0,0,2,4,1,33
Cauca,Popayán,0,1,0,0,1,0,2,3,7,1,2,1,3,1,4,4,0,0,0,0,0,0,0,0,0,1,0,0,1,0,0,32
Bolívar,Magangué,0,0,0,0,0,0,0,2,1,4,17,3,0,0,0,0,0,0,0,0,0,0,0,0,0,0,0,0,0,2,3,32
Huila,Gigante,0,0,0,0,0,1,3,3,2,4,6,7,1,1,0,0,1,0,0,0,0,0,0,0,0,2,0,0,0,0,0,31
Caquetá,El Paujil,0,0,1,0,0,1,2,3,8,7,6,1,0,0,1,0,0,0,0,0,0,0,0,0,0,0,0,0,1,0,0,31
Caquetá,Cartagena del Chairá,1,0,0,2,0,1,2,0,2,4,8,2,0,1,2,0,2,0,0,0,0,0,0,0,0,1,0,2,1,0,0,31
Antioquia,Tarazá,0,0,0,0,0,0,0,3,2,1,0,0,1,0,7,1,2,0,0,0,2,0,1,1,3,2,0,2,0,1,2,31
Antioquia,Carmen de Viboral,0,0,0,0,0,2,3,13,3,4,1,2,0,0,0,0,0,0,0,0,0,0,0,0,0,0,0,0,0,2,1,31
Casanare,Aguazul,1,1,1,1,0,1,2,0,4,2,5,1,0,7,2,0,0,0,0,0,0,0,1,1,0,0,0,0,0,0,0,30
Antioquia,Valdivia,0,0,2,1,0,1,0,2,3,1,4,6,0,0,0,0,0,0,0,0,0,0,1,0,2,0,0,2,1,2,2,30
Nariño,Barbacoas,0,0,0,1,0,0,1,8,6,1,5,2,0,0,0,1,0,0,1,0,0,0,0,0,2,0,1,0,0,1,0,30
Meta,Mesetas,0,0,1,1,1,0,0,1,4,7,5,4,2,1,1,0,0,0,0,0,0,0,0,1,0,0,0,1,0,0,0,30
Risaralda,Mistrató,0,0,0,0,0,0,3,1,6,8,9,1,1,0,0,0,0,0,0,0,0,0,0,0,0,0,0,0,0,0,0,29
Antioquia,Peñol,0,0,0,0,0,0,3,15,4,5,0,0,0,0,1,0,0,0,0,0,0,0,0,0,0,1,0,0,0,0,0,29
Antioquia,Puerto Berrío,0,0,0,0,0,0,0,1,0,1,0,0,0,1,0,0,0,0,0,0,0,0,1,17,8,0,0,0,0,0,0,29
Meta,Uribe,0,1,3,4,1,0,0,0,4,0,0,3,3,0,1,1,2,0,0,0,1,0,0,1,2,0,0,1,0,0,1,29
Bolívar,San Jacinto,0,0,0,0,0,1,3,3,0,6,5,6,0,0,0,0,0,0,0,0,0,0,0,2,0,0,0,0,0,1,2,29
Norte de Santander,Convención,0,0,0,0,1,0,3,1,6,2,4,1,1,0,0,1,0,0,0,0,0,0,0,0,1,2,3,0,0,0,3,29
Nariño,Pasto,0,0,0,0,0,1,7,0,8,5,4,0,1,0,0,0,0,0,0,0,0,0,1,0,0,0,0,0,0,1,0,28
Antioquia,Argelia,0,0,0,0,0,3,0,0,4,4,9,3,1,0,0,0,0,0,0,0,0,0,0,0,0,1,2,0,0,1,0,28
Bolívar,Montecristo,0,0,0,0,1,0,5,0,2,1,3,4,1,0,1,0,0,0,0,0,0,0,0,0,1,2,3,2,0,2,0,28
Santander,Bucaramanga,0,0,0,0,1,0,0,2,12,7,3,1,0,0,2,0,0,0,0,0,0,0,0,0,0,0,0,0,0,0,0,28
Huila,Campoalegre,0,0,0,0,0,0,2,3,4,3,3,8,2,0,1,0,0,0,0,0,0,0,0,0,0,0,0,0,0,2,0,28
Sucre,Sincelejo,0,0,0,0,0,0,2,1,2,9,6,3,0,0,0,0,0,0,0,0,0,0,0,0,0,0,0,1,0,4,0,28
Bolívar,Cantagallo,0,0,0,0,0,0,1,1,2,3,2,4,2,1,1,0,0,0,0,0,0,0,0,2,1,1,0,1,0,4,2,28
Nariño,Nariño department,0,0,2,1,1,1,1,1,1,1,1,0,2,1,3,7,0,0,0,0,0,2,1,0,0,0,0,0,0,1,0,27
Bolívar,Morales,0,0,0,0,1,0,0,2,0,3,3,0,1,1,1,0,0,0,0,0,0,1,0,1,1,3,1,0,0,5,3,27
Valle del Cauca,Palmira,0,0,0,0,0,0,3,3,6,3,4,2,1,1,3,0,0,0,0,0,0,0,0,0,0,0,0,0,0,1,0,27
Antioquia,Yolombó,0,0,0,0,1,3,3,11,4,3,0,0,0,0,0,0,0,0,0,0,0,0,0,0,0,0,0,1,0,1,0,27
Putumayo,Puerto Guzmán,0,0,0,0,0,0,0,0,1,3,3,2,0,2,0,0,0,0,0,0,0,0,0,0,0,1,1,0,4,7,2,26
Putumayo,Putumayo department,0,0,0,0,5,1,2,3,4,2,1,2,2,2,0,0,0,0,0,0,0,0,0,0,0,0,0,1,0,1,0,26
Cesar,San Diego,0,0,0,0,0,1,1,7,3,5,8,1,0,0,0,0,0,0,0,0,0,0,0,0,0,0,0,0,0,0,0,26
Nariño,Ricaurte,0,0,0,0,0,0,1,2,2,3,6,2,4,0,2,0,0,0,1,0,0,0,0,0,0,0,0,0,0,2,1,26
Putumayo,Puerto Leguizamo,0,0,0,0,0,1,0,1,1,1,5,1,0,0,0,0,0,0,0,0,0,0,0,0,0,1,1,3,5,3,3,26
Putumayo,San Miguel,0,0,0,1,0,3,5,1,1,1,0,8,0,2,0,0,1,0,0,0,0,0,0,0,0,0,1,0,1,1,0,26
Norte de Santander,Hacarí,0,0,0,0,1,0,0,3,3,5,1,6,1,0,2,0,0,0,1,0,0,1,0,0,1,0,0,0,0,0,1,26
Antioquia,Vegachí,0,0,0,3,1,1,5,9,1,3,2,0,0,0,0,0,0,0,0,0,0,0,0,0,0,0,0,0,1,0,0,26
Caquetá,La Montañita,0,0,0,0,0,0,0,1,5,2,14,1,0,0,1,0,0,0,0,0,0,0,0,0,0,0,0,0,1,1,0,26
Valle del Cauca,Buga,0,0,0,0,0,0,8,8,3,2,1,0,1,2,0,0,0,0,0,0,0,0,0,0,0,0,0,0,0,0,1,26
Bolívar,Zambrano,0,0,0,0,0,4,1,4,2,7,3,4,0,0,0,0,0,0,0,0,0,0,0,0,0,0,0,0,0,0,0,25
Cesar,Curumaní,0,0,0,0,0,4,4,4,1,6,2,2,0,1,0,0,0,0,0,0,0,0,0,0,0,0,0,0,0,0,1,25
Norte de Santander,San Calixto,0,0,0,0,0,0,2,3,3,6,3,1,1,0,2,0,0,0,0,0,1,1,0,0,1,0,0,0,0,0,1,25
Santander,Santander department,1,1,3,0,1,1,4,3,5,4,0,0,1,0,1,0,0,0,0,0,0,0,0,0,0,0,0,0,0,0,0,25
Antioquia,Frontino,0,0,2,1,0,2,6,2,0,3,4,2,0,0,0,0,0,0,0,0,0,0,0,0,0,1,1,0,0,1,0,25
Huila,Isnos,0,0,0,0,0,0,4,7,4,7,1,1,0,1,0,0,0,0,0,0,0,0,0,0,0,0,0,0,0,0,0,25
Antioquia,Abejorral,0,0,0,0,0,0,2,3,6,4,4,5,0,0,0,0,0,0,0,0,0,0,0,0,0,0,0,0,0,0,0,24
Bolívar,Simití,0,0,0,1,0,4,2,1,1,5,0,0,0,0,0,0,0,0,0,0,0,0,0,0,2,0,0,0,1,6,1,24
Bolívar,Bolívar department,0,1,2,1,1,0,3,0,1,3,0,0,0,2,0,0,1,0,0,0,0,0,1,0,1,2,0,1,3,1,0,24
Tolima,Ríoblanco,0,1,0,0,0,1,8,0,0,2,6,0,2,1,0,2,0,0,0,0,0,0,0,0,0,0,0,0,0,0,1,24
Huila,Garzón,0,0,0,0,0,0,1,2,0,5,5,4,0,2,0,1,0,0,0,0,0,0,0,0,0,0,0,0,0,0,4,24
Sucre,Coloso,0,0,0,0,2,1,4,0,0,3,11,2,0,1,0,0,0,0,0,0,0,0,0,0,0,0,0,0,0,0,0,24
Norte de Santander,Zulia,0,0,1,0,0,1,3,2,4,5,1,0,0,0,0,0,0,0,0,0,0,0,0,0,0,0,0,1,0,4,2,24
Cauca,Timbío,0,0,0,0,0,1,4,0,12,5,1,0,0,0,0,0,0,0,0,0,0,0,0,0,0,0,0,0,0,1,0,24
Huila,Colombia,0,0,0,0,0,0,2,1,5,5,8,0,0,1,0,1,0,0,0,0,0,0,0,0,0,0,0,0,0,0,0,23
Meta,Lejanías,0,0,0,0,1,2,0,2,5,6,3,3,1,0,0,0,0,0,0,0,0,0,0,0,0,0,0,0,0,0,0,23
Cauca,Santa Rosa,0,0,0,0,0,0,1,3,2,8,8,1,0,0,0,0,0,0,0,0,0,0,0,0,0,0,0,0,0,0,0,23
Bolívar,María la Baja,0,0,0,0,0,0,2,3,1,4,1,2,0,0,0,0,0,0,0,0,0,0,0,0,0,0,0,0,0,7,3,23
Cundinamarca,Cundinamarca department,1,3,4,0,2,0,0,3,5,5,0,0,0,0,0,0,0,0,0,0,0,0,0,0,0,0,0,0,0,0,0,23
La Guajira,Maicao,0,0,0,0,0,0,1,1,5,3,3,2,0,1,5,0,0,1,0,0,0,0,0,0,0,0,1,0,0,0,0,23
Chocó,Carmen del Darien,0,0,0,1,0,0,1,6,2,5,2,2,1,0,0,0,0,0,0,0,0,0,0,0,0,0,1,0,0,0,1,22
Antioquia,Barbosa,0,0,0,0,0,0,6,10,3,1,0,1,0,0,0,0,0,0,0,0,0,0,0,0,0,0,0,0,1,0,0,22
Cauca,Suárez,0,0,0,0,0,0,5,0,0,0,5,0,1,0,0,0,1,0,0,0,0,0,0,0,1,2,2,1,1,0,3,22
Antioquia,Chigorodó,0,1,1,0,0,4,4,1,4,0,0,0,1,2,3,0,0,0,1,0,0,0,0,0,0,0,0,0,0,0,0,22
Tolima,Ataco,0,0,0,0,0,1,6,2,2,5,2,1,0,1,0,1,1,0,0,0,0,0,0,0,0,0,0,0,0,0,0,22
La Guajira,Dibulla,0,0,0,0,0,0,0,0,5,2,3,3,0,0,0,0,0,0,0,0,0,0,0,0,0,0,0,0,0,2,7,22
Caldas,La Dorada,0,0,0,0,0,0,0,1,0,1,0,15,1,3,0,0,0,0,0,0,0,0,0,1,0,0,0,0,0,0,0,22
Córdoba,Puerto Libertador,0,0,0,0,0,1,1,3,7,1,5,0,0,1,0,0,0,0,0,0,0,0,0,1,0,0,0,0,0,2,0,22
Sucre,San Onofre,0,0,0,1,0,0,7,0,1,4,5,2,0,0,0,0,0,0,0,0,0,0,0,0,0,0,0,0,0,1,0,21
Chocó,Chocó department,0,0,1,3,0,0,1,1,0,0,0,4,0,0,0,1,0,1,0,0,4,1,2,1,0,0,0,0,1,0,0,21
Valle del Cauca,Pradera,0,0,0,0,0,0,4,1,2,2,2,2,0,2,1,0,0,1,0,0,2,0,0,0,0,0,0,0,0,2,0,21
Cauca,Mercaderes,0,0,0,0,0,0,3,3,2,2,3,4,1,0,0,0,0,0,0,0,0,0,0,0,0,0,0,1,0,1,1,21
Meta,Puerto Lleras,1,0,0,0,0,1,1,1,4,8,3,0,1,0,0,0,0,0,0,0,0,0,0,0,0,0,0,0,0,1,0,21
Bolívar,Turbaco,0,0,0,0,0,1,2,0,2,9,1,4,0,0,0,0,0,0,0,0,0,0,0,1,0,0,0,0,0,0,0,20
Huila,Huila department,0,0,1,1,1,0,2,2,1,6,1,2,0,0,0,1,1,0,0,0,0,0,0,0,0,1,0,0,0,0,0,20
Arauca,Puerto Rondón,0,0,0,0,0,0,2,0,0,1,3,1,1,1,0,0,1,0,0,0,0,0,0,0,0,0,0,0,6,2,2,20
Valle del Cauca,Dagua,0,0,0,0,0,2,3,5,3,2,3,0,0,0,1,0,0,0,0,0,0,0,0,0,0,0,0,0,0,0,1,20
Boyacá,Labranzagrande,0,0,0,1,1,0,3,1,4,0,6,0,3,1,0,0,0,0,0,0,0,0,0,0,0,0,0,0,0,0,0,20
Norte de Santander,Los Patios,0,0,0,0,0,0,0,1,3,16,0,0,0,0,0,0,0,0,0,0,0,0,0,0,0,0,0,0,0,0,0,20
Bolívar,San Juan Nepomuceno,0,0,1,0,0,0,5,1,3,2,2,4,0,0,0,0,0,0,0,0,0,0,0,0,0,0,0,0,0,1,1,20
Tolima,Cajamarca,0,0,0,0,0,0,1,4,1,6,5,1,1,0,1,0,0,0,0,0,0,0,0,0,0,0,0,0,0,0,0,20
Cauca,Bolivar,0,0,0,0,0,0,1,4,0,4,3,2,0,0,0,0,0,0,0,0,0,0,0,0,0,0,1,1,0,0,4,20
Huila,Baraya,2,0,0,0,0,1,1,2,2,4,2,4,1,0,0,1,0,0,0,0,0,0,0,0,0,0,0,0,0,0,0,20
Antioquia,La Unión,0,0,0,2,0,0,6,2,4,3,2,1,0,0,0,0,0,0,0,0,0,0,0,0,0,0,0,0,0,0,0,20
Antioquia,Caucasia,0,0,1,0,0,0,0,1,1,0,0,0,0,0,0,0,0,0,0,0,0,0,0,0,1,1,1,1,1,8,4,20
Santander,Suratá,0,0,0,0,0,0,8,3,6,2,1,0,0,0,0,0,0,0,0,0,0,0,0,0,0,0,0,0,0,0,0,20
Putumayo,Puerto Caicedo,0,0,0,0,0,0,1,1,0,2,3,1,0,0,2,0,0,0,0,0,0,0,0,0,0,0,2,0,2,4,2,20
Tolima,Venadillo,0,0,0,0,0,0,1,2,4,7,3,0,0,2,0,0,0,0,0,0,0,0,0,0,0,0,0,0,0,1,0,20
Cauca,Jambaló,0,0,1,0,0,2,0,0,0,4,1,1,2,0,1,0,0,3,1,0,0,0,0,0,0,0,0,0,0,2,1,19
Cauca,Páez,0,0,2,0,0,0,1,1,3,0,1,1,1,0,1,0,1,0,0,0,0,0,0,0,0,0,1,0,0,2,4,19
Antioquia,Montebello,0,0,0,0,0,0,7,4,2,2,1,0,1,1,1,0,0,0,0,0,0,0,0,0,0,0,0,0,0,0,0,19
Cesar,Chiriguaná,0,0,1,0,0,0,2,11,0,0,1,1,0,0,0,0,0,0,0,0,0,0,1,0,0,0,0,1,0,0,1,19
Santander,Landázuri,0,0,0,0,0,0,2,3,3,3,1,0,0,4,3,0,0,0,0,0,0,0,0,0,0,0,0,0,0,0,0,19
Tolima,Líbano,0,0,0,0,0,3,2,5,1,3,3,1,0,0,0,1,0,0,0,0,0,0,0,0,0,0,0,0,0,0,0,19
Antioquia,Briceño,0,0,0,0,0,1,0,3,4,1,0,0,2,0,0,0,0,1,0,0,0,0,3,0,1,1,0,0,0,2,0,19
Caldas,Chinchiná,0,0,0,0,0,0,0,1,3,0,1,10,1,0,2,0,0,0,0,0,0,0,0,0,0,0,0,0,0,1,0,19
Guaviare,El Retorno,0,1,0,0,0,0,1,1,3,6,1,0,0,0,3,0,0,0,0,0,0,0,0,0,3,0,0,0,0,0,0,19
Norte de Santander,Arboledas,0,0,0,0,0,1,4,2,8,4,0,0,0,0,0,0,0,0,0,0,0,0,0,0,0,0,0,0,0,0,0,19
Cauca,Purace,1,0,0,0,0,0,0,5,0,2,7,2,0,0,0,0,0,0,0,0,0,0,0,1,0,0,0,0,0,0,1,19
Caldas,Villamaria,0,0,0,0,0,0,0,0,1,2,11,5,0,0,0,0,0,0,0,0,0,0,0,0,0,0,0,0,0,0,0,19
Norte de Santander,Chitagá,0,0,0,0,0,0,3,5,4,0,2,0,0,0,0,0,0,0,0,1,0,0,0,0,2,0,1,0,0,0,0,18
Santander,Puerto Wilches,0,0,0,0,0,1,1,1,2,0,1,0,1,1,1,0,0,0,0,0,0,0,0,2,0,0,0,0,3,0,4,18
Santander,Sabana de Torres,1,0,0,0,0,1,1,1,2,1,2,3,2,2,1,0,0,0,0,0,0,0,0,0,0,0,0,0,1,0,0,18
Meta,Granada,0,1,0,0,1,0,1,5,3,2,1,1,1,1,0,0,0,0,0,0,0,0,0,0,0,0,0,0,1,0,0,18
Tolima,Anzoátegui,0,1,0,0,0,0,5,2,4,1,4,1,0,0,0,0,0,0,0,0,0,0,0,0,0,0,0,0,0,0,0,18
Cundinamarca,Viotá,0,0,0,0,0,1,2,0,0,14,0,0,1,0,0,0,0,0,0,0,0,0,0,0,0,0,0,0,0,0,0,18
Norte de Santander,El Carmen,0,0,0,0,0,0,1,3,1,1,2,2,0,0,0,0,0,0,0,0,0,0,0,2,2,0,0,1,0,1,2,18
Antioquia,Nariño,0,0,0,0,0,2,2,0,1,3,4,2,1,1,0,0,0,0,0,0,0,0,0,0,0,0,0,0,1,1,0,18
Santander,Matanza,1,0,0,0,0,0,1,3,3,9,0,1,0,0,0,0,0,0,0,0,0,0,0,0,0,0,0,0,0,0,0,18
Tolima,Tolima department,0,0,0,0,2,0,0,0,1,1,0,2,2,1,2,2,2,2,0,0,1,0,0,0,0,0,0,0,0,0,0,18
Antioquia,Campamento,0,0,0,0,0,1,3,3,6,0,1,1,0,0,0,0,0,1,0,0,0,0,0,0,0,0,1,0,0,1,0,18
Antioquia,Vigía del Fuerte,0,0,0,0,0,2,4,1,3,2,2,1,3,0,0,0,0,0,0,0,0,0,0,0,0,0,0,0,0,0,0,18
Antioquia,Santo Domingo,0,0,1,3,0,1,2,2,3,5,0,1,0,0,0,0,0,0,0,0,0,0,0,0,0,0,0,0,0,0,0,18
Huila,La Plata,0,0,0,0,0,0,2,1,5,2,0,2,0,0,2,0,0,0,0,0,0,0,0,0,0,0,0,1,0,1,2,18
Caquetá,Montañita,0,0,0,0,0,0,3,3,7,0,1,1,0,0,0,0,0,0,1,0,1,0,0,0,1,0,0,0,0,0,0,18
Cauca,Totoró,0,0,0,2,0,1,1,0,2,3,1,1,1,0,1,0,0,0,0,0,1,0,0,0,1,0,1,0,0,0,1,17
Santander,El Playón,0,0,0,0,0,1,4,2,3,4,1,0,0,0,1,0,0,0,0,0,0,0,0,0,0,1,0,0,0,0,0,17
Antioquia,Amalfi,0,0,0,0,1,0,3,4,3,3,2,0,0,0,0,0,0,0,0,0,0,0,0,0,0,0,0,0,1,0,0,17
Caquetá,Milán,0,1,0,0,0,0,0,3,3,2,3,2,0,0,0,1,0,1,0,1,0,0,0,0,0,0,0,0,0,0,0,17
Risaralda,Pueblo Rico,0,0,0,0,0,0,6,0,5,1,2,2,1,0,0,0,0,0,0,0,0,0,0,0,0,0,0,0,0,0,0,17
Casanare,Yopal,0,0,0,0,0,1,1,3,2,1,4,0,0,3,1,0,0,0,0,0,0,0,0,0,0,0,0,1,0,0,0,17
Antioquia,Concepción,0,0,0,0,1,0,4,5,4,2,1,0,0,0,0,0,0,0,0,0,0,0,0,0,0,0,0,0,0,0,0,17
Atlántico,Malambo,0,0,0,0,0,0,0,0,0,4,2,1,0,0,0,0,0,0,0,0,0,0,0,0,0,0,0,0,0,6,4,17
Bolívar,Norosi,0,0,0,0,0,0,3,0,0,0,0,0,0,0,0,0,0,0,0,0,0,0,0,2,0,0,1,0,1,6,4,17
Chocó,Medio Atrato,0,0,0,0,0,0,0,1,0,3,4,3,1,0,2,0,0,2,0,0,0,0,0,0,0,0,0,0,1,0,0,17
Antioquia,Urabá region,0,2,4,3,1,0,2,1,1,0,1,0,0,0,1,0,0,1,0,0,0,0,0,0,0,0,0,0,0,0,0,17
Sucre,Tolú Viejo,0,0,1,0,0,3,3,1,0,2,3,1,0,2,0,0,0,0,0,0,0,0,0,0,0,0,0,0,0,1,0,17
Cesar,Pueblo Bello,0,0,1,0,0,2,2,0,1,1,5,3,0,1,0,0,0,0,0,0,0,0,0,0,0,0,0,0,1,0,0,17
Córdoba,Montelíbano,0,0,0,0,0,0,0,4,3,0,6,0,1,1,0,0,0,0,0,0,1,0,0,0,0,0,0,0,0,0,1,17
Tolima,Dolores,0,0,2,0,0,0,1,2,2,9,0,1,0,0,0,0,0,0,0,0,0,0,0,0,0,0,0,0,0,0,0,17
Valle del Cauca,El Cerrito,0,0,0,1,0,1,2,4,1,2,3,2,0,0,0,0,0,0,0,0,0,0,0,0,0,0,0,0,0,1,0,17
Antioquia,Guarne,0,0,1,0,0,2,0,4,6,4,0,0,0,0,0,0,0,0,0,0,0,0,0,0,0,0,0,0,0,0,0,17
Meta,Puerto Concordia,0,0,0,0,0,0,4,2,3,0,3,0,2,0,0,0,2,0,0,0,0,0,0,0,0,0,0,0,0,0,0,16
Tolima,San Antonio,0,0,0,0,1,1,2,2,4,2,2,2,0,0,0,0,0,0,0,0,0,0,0,0,0,0,0,0,0,0,0,16
Antioquia,Bello,0,0,0,1,0,1,1,1,4,4,0,1,1,1,0,0,0,0,0,0,0,0,0,1,0,0,0,0,0,0,0,16
Nariño,Samaniego,0,0,0,0,0,1,0,4,1,1,1,2,0,0,3,1,0,0,0,0,0,0,0,0,0,1,1,0,0,0,0,16
Antioquia,Caldas,0,0,0,0,0,0,0,4,4,4,3,1,0,0,0,0,0,0,0,0,0,0,0,0,0,0,0,0,0,0,0,16
Magdalena,Plato,0,0,0,0,0,0,0,0,0,6,4,5,0,0,0,0,0,0,0,0,0,0,0,0,0,0,0,0,0,0,1,16
Cesar,El Copey,0,0,0,0,0,2,4,1,0,1,5,1,0,0,0,0,0,0,0,0,0,0,0,0,0,0,0,0,0,2,0,16
Nariño,San Andrés de Tumaco,0,0,0,0,0,0,0,4,1,3,0,0,0,0,0,0,0,0,0,0,0,0,0,1,1,0,3,0,0,2,0,15
Nariño,Policarpa,0,0,0,0,0,0,0,1,1,1,2,2,3,4,0,0,0,0,0,0,0,0,0,0,1,0,0,0,0,0,0,15
Huila,Tello,0,0,0,0,0,0,1,0,3,5,3,0,0,1,0,0,0,0,0,0,0,0,0,0,0,0,0,1,0,0,1,15
Tolima,Icononzo,0,0,0,0,0,0,4,0,3,3,4,1,0,0,0,0,0,0,0,0,0,0,0,0,0,0,0,0,0,0,0,15
Tolima,Coyaima,0,0,0,0,0,0,0,0,4,4,4,2,1,0,0,0,0,0,0,0,0,0,0,0,0,0,0,0,0,0,0,15
Norte de Santander,Toledo,0,0,1,0,0,0,3,4,0,1,2,2,0,0,0,1,0,0,0,0,0,0,0,0,0,0,0,0,0,1,0,15
Antioquia,Santa Bárbara,0,0,0,0,0,0,3,4,4,2,0,1,0,0,0,0,0,0,0,0,0,0,0,0,0,0,0,0,0,1,0,15
Guaviare,Miraflores,1,3,0,2,1,0,0,0,0,0,2,2,0,0,1,0,1,0,0,0,0,0,0,0,0,0,0,0,0,0,2,15
Caldas,Filadelfia,0,0,0,0,0,1,2,1,1,3,4,2,0,0,0,1,0,0,0,0,0,0,0,0,0,0,0,0,0,0,0,15
Cauca,Balboa,0,0,0,0,0,0,0,0,0,0,3,0,0,2,0,0,0,0,0,0,0,0,0,0,0,1,0,0,0,7,2,15
Antioquia,Betulia,0,0,0,0,0,1,6,4,1,0,1,0,1,0,0,0,0,0,0,0,0,0,0,0,0,0,0,0,0,1,0,15
Sucre,Chalán,0,0,1,0,0,1,0,0,2,1,5,4,0,0,0,0,0,0,0,0,0,0,0,0,0,0,0,0,0,1,0,15
Meta,Mapiripán,0,0,0,1,2,1,0,1,4,0,1,1,0,0,0,0,0,0,0,0,0,0,0,1,1,0,0,0,1,0,1,15
Magdalena,Sitionuevo,0,0,0,0,0,0,1,3,1,6,0,3,0,0,0,0,0,0,0,0,0,0,0,0,1,0,0,0,0,0,0,15
Antioquia,San Vicente,0,0,0,0,0,1,8,2,2,1,0,1,0,0,0,0,0,0,0,0,0,0,0,0,0,0,0,0,0,0,0,15
Cesar,Becerril,0,0,0,0,2,0,3,0,2,4,1,2,0,0,0,0,0,0,0,0,0,0,0,0,0,0,0,0,0,0,0,14
Nariño,Ipiales,0,0,0,0,0,0,1,1,1,0,1,2,0,2,0,1,1,1,0,0,1,0,0,0,0,0,1,0,1,0,0,14
Norte de Santander,Ábrego,0,0,0,1,0,0,3,0,2,4,0,1,1,2,0,0,0,0,0,0,0,0,0,0,0,0,0,0,0,0,0,14
Putumayo,Mocoa,0,0,0,0,0,0,2,0,2,3,5,1,1,0,0,0,0,0,0,0,0,0,0,0,0,0,0,0,0,0,0,14
Tolima,Natagaima,0,0,0,0,0,0,2,3,2,5,0,2,0,0,0,0,0,0,0,0,0,0,0,0,0,0,0,0,0,0,0,14
Antioquia,Guatapé,0,0,0,0,0,0,5,2,4,0,3,0,0,0,0,0,0,0,0,0,0,0,0,0,0,0,0,0,0,0,0,14
Sucre,Galeras,0,0,0,0,0,0,0,2,1,4,2,4,0,1,0,0,0,0,0,0,0,0,0,0,0,0,0,0,0,0,0,14
Antioquia,Carepa,1,0,1,1,0,1,2,1,2,1,0,0,1,0,0,0,0,0,0,0,0,0,0,2,0,0,0,0,0,1,0,14
Santander,Girón,0,0,0,0,1,0,0,5,4,4,0,0,0,0,0,0,0,0,0,0,0,0,0,0,0,0,0,0,0,0,0,14
Cauca,Piendamó,0,0,0,0,0,0,2,2,0,1,1,0,1,0,0,0,0,0,0,0,0,0,0,0,0,0,0,0,0,3,4,14
Cesar,Pailitas,0,0,0,0,0,1,0,0,2,2,4,2,0,0,0,0,0,0,0,0,0,0,0,0,0,0,0,1,0,1,1,14
Cesar,Robles,0,0,0,0,0,1,3,1,3,2,2,2,0,0,0,0,0,0,0,0,0,0,0,0,0,0,0,0,0,0,0,14
Nariño,Cumbal,0,0,0,0,0,0,0,0,3,2,3,0,0,1,2,0,0,0,0,0,0,0,0,0,0,0,1,1,0,0,0,13
Sucre,Morroa,0,0,1,0,0,0,2,2,0,5,1,1,0,0,0,0,0,0,0,0,0,0,0,0,0,0,0,0,0,1,0,13
Antioquia,Caicedo,0,1,1,1,0,0,0,2,2,5,0,1,0,0,0,0,0,0,0,0,0,0,0,0,0,0,0,0,0,0,0,13
Caquetá,Solano,0,0,1,1,1,0,1,0,1,0,0,0,0,0,1,0,0,0,0,0,0,0,0,0,0,1,0,0,2,1,3,13
Chocó,Bojaya,0,0,0,0,0,1,3,0,4,0,2,1,0,0,0,0,0,0,0,0,0,1,0,0,1,0,0,0,0,0,0,13
Norte de Santander,Bucarasica,0,0,0,0,0,0,0,2,1,3,1,3,0,0,2,0,0,0,0,0,0,0,0,0,0,0,0,0,0,0,1,13
Casanare,Casanare department,0,0,2,1,2,1,0,1,1,0,1,1,1,0,0,0,0,1,0,0,0,0,1,0,0,0,0,0,0,0,0,13
Cauca,Morales,0,0,0,0,0,0,1,0,0,0,0,1,0,0,0,0,1,0,0,0,0,0,0,0,2,2,1,0,2,1,2,13
Putumayo,Villagarzón,0,0,0,1,0,0,1,3,1,1,1,0,0,0,0,0,0,0,0,0,0,0,0,0,0,0,0,1,1,3,0,13
Bolívar,Santa Rosa,0,0,0,0,0,1,0,4,1,3,3,0,0,0,0,0,1,0,0,0,0,0,0,0,0,0,0,0,0,0,0,13
Norte de Santander,La Playa,0,0,0,0,0,0,0,2,1,6,1,0,2,0,0,0,0,0,0,0,0,0,0,0,0,1,0,0,0,0,0,13
Tolima,Ortega,0,0,0,0,0,1,0,0,2,4,3,2,0,0,0,1,0,0,0,0,0,0,0,0,0,0,0,0,0,0,0,13
Antioquia,Andes,0,0,0,0,0,1,3,2,4,0,1,0,0,0,0,0,0,0,0,0,0,0,0,0,1,0,0,1,0,0,0,13
Antioquia,Cáceres,0,0,0,0,0,0,0,0,1,0,1,0,0,0,0,0,0,0,0,0,0,1,1,0,1,1,0,1,1,2,3,13
Antioquia,Alejandria,0,0,0,0,0,1,3,5,1,2,0,1,0,0,0,0,0,0,0,0,0,0,0,0,0,0,0,0,0,0,0,13
Chocó,San José del Palmar,0,0,0,0,0,0,0,0,1,1,1,4,1,0,0,0,0,0,0,0,0,0,0,1,2,0,0,0,0,2,0,13
Antioquia,Amagá,0,0,0,0,0,0,2,3,5,1,0,0,0,0,0,0,0,0,0,0,0,0,0,0,0,0,0,0,0,0,2,13
Risaralda,Belén de Umbría,0,0,0,0,0,0,1,1,0,5,4,2,0,0,0,0,0,0,0,0,0,0,0,0,0,0,0,0,0,0,0,13
Chocó,Lloró,0,0,0,0,0,0,0,1,4,4,0,1,0,0,0,0,0,0,0,0,0,0,0,0,0,0,0,0,1,0,2,13
Tolima,Rovira,0,0,0,0,0,1,0,0,1,3,1,4,1,0,1,0,0,0,0,0,0,0,0,0,0,0,0,0,0,0,0,12
Cesar,La Jagua de Ibirico,0,0,0,1,0,0,2,1,3,4,0,0,0,0,0,0,0,0,0,0,0,0,0,1,0,0,0,0,0,0,0,12
Caldas,Supía,0,0,0,0,0,0,1,1,1,4,3,2,0,0,0,0,0,0,0,0,0,0,0,0,0,0,0,0,0,0,0,12
Tolima,Villahermosa,0,0,0,0,0,2,0,1,0,3,5,1,0,0,0,0,0,0,0,0,0,0,0,0,0,0,0,0,0,0,0,12
Bolívar,Villanueva,0,0,0,0,0,0,2,2,2,4,0,1,0,0,0,0,0,0,0,0,0,0,0,0,0,0,0,0,0,0,1,12
Casanare,Hato Corozal,0,0,1,0,1,2,1,2,1,0,1,0,0,2,0,0,0,0,0,0,0,0,0,0,1,0,0,0,0,0,0,12
Quindío,Calarcá,0,0,0,0,0,0,0,0,2,0,2,2,1,2,3,0,0,0,0,0,0,0,0,0,0,0,0,0,0,0,0,12
Caldas,Salamina,0,0,0,0,0,2,1,0,4,2,2,1,0,0,0,0,0,0,0,0,0,0,0,0,0,0,0,0,0,0,0,12
Tolima,Casabianca,0,0,0,0,0,0,1,0,1,2,7,1,0,0,0,0,0,0,0,0,0,0,0,0,0,0,0,0,0,0,0,12
Caldas,Caldas department,0,1,0,0,1,1,0,0,3,2,0,1,0,3,0,0,0,0,0,0,0,0,0,0,0,0,0,0,0,0,0,12
Caquetá,Valparaíso,0,0,0,0,2,0,3,2,5,0,0,0,0,0,0,0,0,0,0,0,0,0,0,0,0,0,0,0,0,0,0,12
Bolívar,Arenal,0,0,0,0,0,2,2,0,0,0,3,0,0,0,0,0,0,0,0,0,0,1,0,1,1,0,0,0,0,1,1,12
Chocó,Juradó,0,0,1,1,0,3,1,1,0,0,0,0,0,0,0,0,0,0,0,0,0,0,0,0,2,0,0,0,0,2,1,12
Vichada,Cumaribo,0,1,1,0,1,0,1,1,4,0,0,0,0,0,2,0,0,1,0,0,0,0,0,0,0,0,0,0,0,0,0,12
La Guajira,La Guajira department,0,0,0,0,1,0,0,0,0,0,3,1,1,3,0,0,0,0,0,1,0,0,0,0,0,0,0,0,0,2,0,12
Cauca,Silvia,0,0,0,0,0,1,0,1,0,2,1,0,0,1,1,0,0,0,0,0,0,0,0,0,0,0,0,0,0,3,2,12
Guaviare,Guaviare department,1,0,1,0,1,0,0,0,1,0,0,2,0,0,0,2,2,0,0,0,0,0,0,2,0,0,0,0,0,0,0,12
Caquetá,Belén de Los Andaquies,0,0,0,0,0,1,0,3,0,4,1,0,0,0,0,0,0,0,0,0,0,0,0,0,0,0,0,0,0,0,3,12
Antioquia,Angostura,0,0,0,0,0,0,2,0,3,5,0,1,0,0,0,0,0,0,0,0,0,0,0,0,0,0,0,0,0,0,1,12
Santander,Rionegro,0,0,0,0,0,0,1,2,1,3,4,0,1,0,0,0,0,0,0,0,0,0,0,0,0,0,0,0,0,0,0,12
Bolívar,Córdoba,0,0,0,0,0,3,4,0,2,0,2,1,0,0,0,0,0,0,0,0,0,0,0,0,0,0,0,0,0,0,0,12
Chocó,Tadó,2,0,0,0,0,1,0,0,1,3,0,1,1,1,0,0,0,0,0,0,0,0,0,0,0,0,0,0,0,0,1,11
Chocó,Unguía,0,0,1,0,0,0,2,5,1,1,0,0,1,0,0,0,0,0,0,0,0,0,0,0,0,0,0,0,0,0,0,11
Cesar,Cesar department,0,1,1,3,0,1,1,0,0,0,0,3,1,0,0,0,0,0,0,0,0,0,0,0,0,0,0,0,0,0,0,11
Cauca,Guapí,0,0,0,0,0,0,0,0,0,0,0,1,0,0,0,0,1,0,0,0,0,1,1,1,0,1,0,1,1,1,2,11
Chocó,El Litoral del San Juan,0,0,0,0,0,0,0,0,0,0,0,0,0,0,0,0,0,0,0,0,0,0,1,2,1,0,0,3,3,1,0,11
Huila,Palermo,0,0,0,0,0,0,0,3,1,2,2,1,0,0,1,0,1,0,0,0,0,0,0,0,0,0,0,0,0,0,0,11
Huila,Hobo,0,0,0,1,0,1,0,0,0,2,1,4,0,0,0,1,0,0,0,0,0,0,0,0,0,0,0,0,0,0,1,11
Valle del Cauca,Sevilla,0,0,0,0,0,0,8,0,1,1,0,0,0,0,0,0,0,0,0,0,0,0,0,0,0,0,0,1,0,0,0,11
Antioquia,Murindó,0,0,0,1,1,1,2,2,1,0,1,0,0,0,0,0,0,0,0,0,0,0,0,0,0,0,1,1,0,0,0,11
Caldas,Neira,0,0,0,0,0,0,3,4,1,0,0,3,0,0,0,0,0,0,0,0,0,0,0,0,0,0,0,0,0,0,0,11
Tolima,Cunday,0,0,0,0,0,0,2,0,1,1,2,2,1,0,2,0,0,0,0,0,0,0,0,0,0,0,0,0,0,0,0,11
Caldas,Pácora,0,0,0,0,0,0,0,3,3,1,0,4,0,0,0,0,0,0,0,0,0,0,0,0,0,0,0,0,0,0,0,11
Caldas,Manzanares,0,0,0,0,0,0,0,3,3,0,0,3,0,0,2,0,0,0,0,0,0,0,0,0,0,0,0,0,0,0,0,11
Valle del Cauca,Valle del Cauca department,0,0,0,1,1,0,1,0,1,0,0,0,2,2,0,1,0,0,1,0,1,0,0,0,0,0,0,0,0,0,0,11
Caquetá,Curillo,0,0,0,0,0,1,0,0,5,2,1,2,0,0,0,0,0,0,0,0,0,0,0,0,0,0,0,0,0,0,0,11
Tolima,Espinal,0,0,0,0,0,0,0,0,0,4,7,0,0,0,0,0,0,0,0,0,0,0,0,0,0,0,0,0,0,0,0,11
Antioquia,Nechí,0,0,0,0,0,0,0,0,3,0,1,0,2,1,0,0,0,0,0,0,0,0,0,0,0,1,1,1,0,1,0,11
Sucre,Los Palmitos,0,0,0,0,0,0,1,3,1,0,4,2,0,0,0,0,0,0,0,0,0,0,0,0,0,0,0,0,0,0,0,11
Antioquia,Rionegro,0,0,0,0,0,0,1,3,2,3,1,0,0,0,0,0,0,0,0,0,0,0,0,0,1,0,0,0,0,0,0,11
Atlántico,Sabanalarga municipality (Atlántico),0,0,0,0,0,0,0,0,2,3,4,1,0,0,0,0,0,0,0,0,0,0,1,0,0,0,0,0,0,0,0,11
Quindío,Génova,0,1,0,0,0,1,1,1,0,4,1,1,0,0,1,0,0,0,0,0,0,0,0,0,0,0,0,0,0,0,0,11
Tolima,Fresno,0,0,0,0,0,0,0,1,0,3,2,5,0,0,0,0,0,0,0,0,0,0,0,0,0,0,0,0,0,0,0,11
Chocó,Alto Baudó,0,0,0,0,0,0,0,0,0,0,0,0,0,0,0,0,0,0,0,0,0,1,0,2,0,0,2,3,1,1,0,10
Cauca,Rosas,0,0,0,0,0,1,0,4,2,0,1,0,0,0,0,0,0,0,0,0,0,0,0,0,0,0,0,0,1,1,0,10
Santander,Cerrito,0,0,0,0,0,1,3,2,4,0,0,0,0,0,0,0,0,0,0,0,0,0,0,0,0,0,0,0,0,0,0,10
Sucre,San Benito Abad,0,0,0,0,0,0,0,1,3,4,1,1,0,0,0,0,0,0,0,0,0,0,0,0,0,0,0,0,0,0,0,10
Boyacá,Chita,0,0,0,0,0,0,1,1,1,5,2,0,0,0,0,0,0,0,0,0,0,0,0,0,0,0,0,0,0,0,0,10
Tolima,Prado,0,0,0,0,0,1,0,2,3,3,1,0,0,0,0,0,0,0,0,0,0,0,0,0,0,0,0,0,0,0,0,10
Santander,Lebrija,0,0,0,0,0,0,1,1,2,1,2,2,1,0,0,0,0,0,0,0,0,0,0,0,0,0,0,0,0,0,0,10
Cundinamarca,Topaipí,0,0,0,0,0,0,1,0,3,6,0,0,0,0,0,0,0,0,0,0,0,0,0,0,0,0,0,0,0,0,0,10
Antioquia,Marinilla,0,0,0,0,0,0,3,4,0,2,0,1,0,0,0,0,0,0,0,0,0,0,0,0,0,0,0,0,0,0,0,10
Córdoba,Lorica,0,0,0,0,0,0,2,1,1,1,1,1,0,2,0,0,0,0,0,0,0,0,0,0,0,1,0,0,0,0,0,10
Córdoba,Ciénaga de Oro,0,0,0,0,0,0,2,0,1,3,2,0,0,1,0,0,0,0,0,0,0,0,0,0,0,0,0,0,0,1,0,10
Magdalena,Magdalena department,0,0,1,1,1,0,1,1,0,1,3,1,0,0,0,0,0,0,0,0,0,0,0,0,0,0,0,0,0,0,0,10
Tolima,Roncesvalles,0,0,0,0,0,0,4,0,1,0,3,1,0,1,0,0,0,0,0,0,0,0,0,0,0,0,0,0,0,0,0,10
Chocó,El Carmen de Atrato,0,0,0,0,1,0,2,2,2,3,0,0,0,0,0,0,0,0,0,0,0,0,0,0,0,0,0,0,0,0,0,10
Tolima,Santa Isabel,0,0,0,0,0,2,2,1,0,2,2,0,0,0,0,0,0,0,0,0,0,0,0,0,0,0,0,0,0,0,1,10
Antioquia,Antioquia,0,0,0,0,0,3,3,0,1,2,0,1,0,0,0,0,0,0,0,0,0,0,0,0,0,0,0,0,0,0,0,10
Huila,San Agustín,0,0,0,0,0,0,0,0,4,4,1,0,0,0,0,0,1,0,0,0,0,0,0,0,0,0,0,0,0,0,0,10
Nariño,La Cruz,0,0,0,0,0,0,3,1,2,1,0,3,0,0,0,0,0,0,0,0,0,0,0,0,0,0,0,0,0,0,0,10
Antioquia,Toledo,0,0,0,0,0,2,0,0,5,3,0,0,0,0,0,0,0,0,0,0,0,0,0,0,0,0,0,0,0,0,0,10
Caquetá,San José de Fragua,0,0,1,1,0,1,0,1,2,0,1,0,0,0,0,1,0,0,0,0,0,0,0,0,0,0,0,0,1,0,1,10
Risaralda,Santa Rosa de Cabal,0,0,0,0,0,0,0,0,1,1,3,5,0,0,0,0,0,0,0,0,0,0,0,0,0,0,0,0,0,0,0,10
Cauca,Inzá,0,0,0,0,0,0,0,2,1,1,0,0,1,0,0,0,0,0,0,1,0,0,0,0,0,0,0,1,0,1,2,10
Cauca,Almaguer,0,0,0,0,0,0,0,2,2,3,0,2,0,0,0,0,0,0,0,0,0,0,0,0,0,0,0,1,0,0,0,10
Boyacá,Boyacá department,0,0,1,0,1,0,1,0,3,1,0,1,0,1,0,0,0,0,0,0,0,0,0,0,0,0,0,0,0,0,0,9
Magdalena,Pivijay,0,0,2,0,0,0,0,2,3,0,2,0,0,0,0,0,0,0,0,0,0,0,0,0,0,0,0,0,0,0,0,9
Cesar,La Gloria,0,0,1,0,0,0,3,2,0,0,0,0,0,1,0,0,0,0,0,0,0,0,0,0,2,0,0,0,0,0,0,9
Arauca,Cravo Norte,0,0,0,0,1,1,0,0,2,0,5,0,0,0,0,0,0,0,0,0,0,0,0,0,0,0,0,0,0,0,0,9
Nariño,Santa Cruz,0,0,0,0,0,0,1,0,1,0,0,1,0,0,5,0,0,0,0,0,0,0,0,0,1,0,0,0,0,0,0,9
Chocó,El Carmen,0,0,0,0,0,2,2,1,0,2,1,0,0,0,1,0,0,0,0,0,0,0,0,0,0,0,0,0,0,0,0,9
Norte de Santander,Puerto Santander,0,0,0,0,0,0,0,1,0,3,0,1,0,0,0,0,0,0,0,0,0,0,0,1,1,0,0,0,2,0,0,9
Antioquia,San Andrés,0,0,0,0,0,1,0,1,2,2,1,1,0,0,1,0,0,0,0,0,0,0,0,0,0,0,0,0,0,0,0,9
Meta,Acacías,0,0,0,1,0,0,1,4,2,0,0,0,0,0,0,0,0,0,0,0,0,0,1,0,0,0,0,0,0,0,0,9
Meta,Cumaral,0,0,1,0,0,0,1,1,1,4,0,0,0,0,1,0,0,0,0,0,0,0,0,0,0,0,0,0,0,0,0,9
Antioquia,Santa Rosa de Osos,0,0,1,0,0,1,4,1,0,1,1,0,0,0,0,0,0,0,0,0,0,0,0,0,0,0,0,0,0,0,0,9
Bolívar,Arjona,0,0,0,0,0,0,1,1,0,6,0,0,0,0,0,0,0,0,0,0,0,0,0,0,0,0,0,0,0,1,0,9
Tolima,Murillo,0,0,0,0,0,1,0,0,4,2,1,0,0,0,0,0,0,0,0,0,0,0,0,0,0,0,0,0,0,0,1,9
Antioquia,La Ceja,0,0,1,0,0,0,0,5,1,0,1,1,0,0,0,0,0,0,0,0,0,0,0,0,0,0,0,0,0,0,0,9
Sucre,San Luis de Sincé,0,0,1,0,0,0,0,1,2,1,3,1,0,0,0,0,0,0,0,0,0,0,0,0,0,0,0,0,0,0,0,9
Bolívar,Mahates,0,0,0,0,0,0,0,4,1,1,0,2,0,0,0,0,0,0,0,0,0,0,0,0,0,0,0,0,0,0,1,9
Atlántico,Luruaco,0,0,0,0,0,0,0,0,3,2,3,1,0,0,0,0,0,0,0,0,0,0,0,0,0,0,0,0,0,0,0,9
Casanare,Támara,1,1,0,0,0,1,1,0,0,1,0,0,0,1,1,0,1,0,0,0,0,0,0,0,0,0,0,0,0,0,1,9
Cauca,Piamonte,0,0,0,0,0,0,1,1,0,1,2,2,0,0,1,0,0,0,0,0,0,0,0,0,0,0,0,0,0,0,1,9
Boyacá,Pisba,0,0,0,0,0,0,0,0,1,3,2,1,1,0,0,0,0,0,0,0,0,0,0,0,1,0,0,0,0,0,0,9
Antioquia,Abriaquí,0,0,0,0,0,2,1,0,1,2,0,2,1,0,0,0,0,0,0,0,0,0,0,0,0,0,0,0,0,0,0,9
Caldas,Palestina,0,0,0,0,0,0,0,0,2,3,0,2,1,0,1,0,0,0,0,0,0,0,0,0,0,0,0,0,0,0,0,9
Cauca,La Sierra,0,0,0,0,0,0,2,1,5,0,1,0,0,0,0,0,0,0,0,0,0,0,0,0,0,0,0,0,0,0,0,9
Santander,Sucre,0,0,0,0,0,0,2,1,1,3,2,0,0,0,0,0,0,0,0,0,0,0,0,0,0,0,0,0,0,0,0,9
Santander,Bolívar,0,0,0,0,1,1,1,2,1,0,0,1,0,1,0,0,0,0,0,0,0,0,0,0,0,0,0,1,0,0,0,9
Boyacá,Socotá,1,0,0,0,0,0,0,1,1,2,3,0,0,1,0,0,0,0,0,0,0,0,0,0,0,0,0,0,0,0,0,9
Huila,Suaza,0,0,0,0,0,0,0,0,2,5,0,0,0,0,0,0,0,0,0,0,0,0,0,0,0,0,0,0,0,0,2,9
Antioquia,Támesis,0,0,0,0,0,0,4,3,0,1,0,1,0,0,0,0,0,0,0,0,0,0,0,0,0,0,0,0,0,0,0,9
Córdoba,Cereté,0,0,0,0,0,0,0,0,0,2,4,1,0,0,0,0,0,0,0,0,0,0,0,0,0,0,0,0,2,0,0,9
Cesar,Bosconia,0,0,0,0,0,1,1,3,1,1,0,0,0,0,0,0,0,0,0,0,0,0,0,0,0,0,0,0,0,0,2,9
Boyacá,Pajarito,0,0,0,0,0,1,1,0,1,2,2,1,0,0,0,0,0,0,0,0,0,0,0,0,0,0,0,0,0,0,0,8
Chocó,Nóvita,0,0,0,0,0,0,0,0,0,1,2,0,1,0,0,0,0,0,0,0,0,0,0,0,0,1,2,0,1,0,0,8
Magdalena,Sierra Nevada de Santa Marta,0,0,0,0,1,0,1,0,1,3,2,0,0,0,0,0,0,0,0,0,0,0,0,0,0,0,0,0,0,0,0,8
Risaralda,Santuario,0,0,0,0,0,0,0,3,2,2,1,0,0,0,0,0,0,0,0,0,0,0,0,0,0,0,0,0,0,0,0,8
Bolívar,Altos del Rosario,0,0,0,0,1,0,5,1,0,0,0,1,0,0,0,0,0,0,0,0,0,0,0,0,0,0,0,0,0,0,0,8
Nariño,San Pablo,0,0,0,0,1,1,1,3,0,1,0,1,0,0,0,0,0,0,0,0,0,0,0,0,0,0,0,0,0,0,0,8
Cundinamarca,Fómeque,0,1,0,0,1,0,0,0,4,1,0,1,0,0,0,0,0,0,0,0,0,0,0,0,0,0,0,0,0,0,0,8
Cundinamarca,Villeta,0,0,0,1,1,0,1,1,1,1,2,0,0,0,0,0,0,0,0,0,0,0,0,0,0,0,0,0,0,0,0,8
Huila,Nátaga,0,0,0,0,0,0,1,1,0,1,0,2,0,0,0,0,1,0,0,0,0,0,0,0,0,0,0,0,0,1,1,8
Córdoba,Córdoba department,1,0,0,0,1,2,0,0,1,1,0,0,0,0,1,0,0,0,0,0,0,0,0,0,0,0,1,0,0,0,0,8
Tolima,Lérida,0,0,0,0,0,0,1,0,1,2,3,1,0,0,0,0,0,0,0,0,0,0,0,0,0,0,0,0,0,0,0,8
Casanare,Paz de Ariporo,0,0,0,0,0,0,1,2,4,0,1,0,0,0,0,0,0,0,0,0,0,0,0,0,0,0,0,0,0,0,0,8
Antioquia,Zaragoza,0,1,0,0,0,0,1,1,0,0,1,1,0,0,0,0,0,0,0,0,0,0,0,0,0,1,0,0,1,1,0,8
Nariño,Roberto Payán,0,0,0,0,0,0,0,0,0,2,0,0,2,0,0,1,0,0,0,0,0,0,0,0,0,0,0,0,0,1,2,8
Cundinamarca,Cabrera,0,1,0,1,0,1,1,2,1,0,1,0,0,0,0,0,0,0,0,0,0,0,0,0,0,0,0,0,0,0,0,8
Tolima,San Luis,0,0,0,0,0,0,1,0,1,3,1,2,0,0,0,0,0,0,0,0,0,0,0,0,0,0,0,0,0,0,0,8
Antioquia,Cañasgordas,0,0,0,0,0,0,2,1,0,0,2,0,2,0,0,0,0,0,0,0,0,0,0,0,0,0,0,0,0,1,0,8
Cauca,Sotara,0,0,0,0,0,1,2,1,1,2,0,0,0,1,0,0,0,0,0,0,0,0,0,0,0,0,0,0,0,0,0,8
Santander,Cimitarra,0,0,0,0,0,0,0,1,2,2,0,2,0,0,0,0,0,0,0,0,0,0,1,0,0,0,0,0,0,0,0,8
La Guajira,Villanueva,0,0,0,0,1,0,0,1,2,2,1,0,0,0,0,1,0,0,0,0,0,0,0,0,0,0,0,0,0,0,0,8
Antioquia,Peque,0,0,0,1,0,0,3,2,0,0,1,1,0,0,0,0,0,0,0,0,0,0,0,0,0,0,0,0,0,0,0,8
Santander,Floridablanca,0,0,0,0,0,0,1,1,0,6,0,0,0,0,0,0,0,0,0,0,0,0,0,0,0,0,0,0,0,0,0,8
La Guajira,Barrancas,0,0,0,0,0,0,3,0,0,2,0,0,0,1,0,0,0,0,0,0,0,0,0,0,0,0,0,0,0,1,1,8
Cundinamarca,Medina,0,2,0,2,0,0,0,0,2,2,0,0,0,0,0,0,0,0,0,0,0,0,0,0,0,0,0,0,0,0,0,8
Córdoba,Puerto Libertad,0,0,0,0,0,0,0,1,0,0,0,5,0,1,0,0,0,0,0,0,0,0,0,0,1,0,0,0,0,0,0,8
Norte de Santander,Cucutilla,1,0,0,0,0,1,0,1,0,4,1,0,0,0,0,0,0,0,0,0,0,0,0,0,0,0,0,0,0,0,0,8
Antioquia,Retiro,0,0,0,0,0,0,2,5,1,0,0,0,0,0,0,0,0,0,0,0,0,0,0,0,0,0,0,0,0,0,0,8
Cesar,San Alberto,0,0,1,0,0,0,1,1,0,2,2,0,0,0,0,0,0,0,0,0,0,0,0,1,0,0,0,0,0,0,0,8
Antioquia,Anza,0,0,1,1,0,0,3,0,1,0,1,0,0,0,0,0,0,0,0,0,0,0,0,0,0,0,0,0,0,0,0,7
Antioquia,Uramita,0,0,0,0,0,1,3,1,0,0,1,1,0,0,0,0,0,0,0,0,0,0,0,0,0,0,0,0,0,0,0,7
Valle del Cauca,Yumbo,0,0,0,0,0,0,0,1,1,0,3,0,1,0,0,0,0,0,0,0,0,0,0,0,0,0,0,1,0,0,0,7
Huila,Iquira,0,0,0,0,0,1,0,0,1,1,4,0,0,0,0,0,0,0,0,0,0,0,0,0,0,0,0,0,0,0,0,7
Antioquia,Pueblorrico,0,0,0,0,0,4,3,0,0,0,0,0,0,0,0,0,0,0,0,0,0,0,0,0,0,0,0,0,0,0,0,7
Vaupés,Mitú,0,0,0,0,2,1,1,0,1,0,1,0,0,0,0,0,0,0,0,0,0,0,0,0,0,1,0,0,0,0,0,7
Valle del Cauca,Riofrío,0,0,0,0,0,0,1,4,0,0,2,0,0,0,0,0,0,0,0,0,0,0,0,0,0,0,0,0,0,0,0,7
Nariño,El Charco,0,0,0,0,0,0,0,0,1,0,2,0,1,1,0,0,2,0,0,0,0,0,0,0,0,0,0,0,0,0,0,7
Valle del Cauca,San Pedro,0,0,0,0,0,1,4,0,0,1,0,0,0,0,1,0,0,0,0,0,0,0,0,0,0,0,0,0,0,0,0,7
Valle del Cauca,Ginebra,0,0,0,0,0,0,1,0,1,1,0,3,0,0,0,0,0,0,0,0,0,0,0,0,0,0,0,0,0,1,0,7
Huila,Timaná,0,0,0,0,0,0,3,0,2,0,0,0,0,2,0,0,0,0,0,0,0,0,0,0,0,0,0,0,0,0,0,7
Antioquia,San Roque,0,0,0,0,0,0,1,1,1,2,0,1,0,0,0,1,0,0,0,0,0,0,0,0,0,0,0,0,0,0,0,7
Antioquia,Guadalupe,0,0,0,0,0,1,1,1,1,0,0,0,0,0,0,0,0,0,0,0,2,0,0,0,0,0,0,0,1,0,0,7
Huila,Santa María,0,0,0,0,0,0,0,1,2,1,3,0,0,0,0,0,0,0,0,0,0,0,0,0,0,0,0,0,0,0,0,7
Guainía,Inírida,0,0,0,0,0,2,2,0,0,1,1,1,0,0,0,0,0,0,0,0,0,0,0,0,0,0,0,0,0,0,0,7
Antioquia,Itagüí,0,0,0,0,0,0,0,0,4,0,0,1,1,1,0,0,0,0,0,0,0,0,0,0,0,0,0,0,0,0,0,7
Tolima,Palocabildo,0,0,0,0,0,0,2,0,0,3,2,0,0,0,0,0,0,0,0,0,0,0,0,0,0,0,0,0,0,0,0,7
La Guajira,Urumita,0,0,0,0,0,0,1,1,0,1,3,1,0,0,0,0,0,0,0,0,0,0,0,0,0,0,0,0,0,0,0,7
Risaralda,Guática,0,0,0,1,1,0,0,2,0,2,0,1,0,0,0,0,0,0,0,0,0,0,0,0,0,0,0,0,0,0,0,7
Santander,Mogotes,0,0,0,2,0,0,3,1,1,0,0,0,0,0,0,0,0,0,0,0,0,0,0,0,0,0,0,0,0,0,0,7
Cauca,Timbiquí,0,0,0,0,0,0,0,0,1,0,1,0,0,0,0,1,0,0,0,0,0,0,0,0,0,0,1,0,1,0,2,7
Boyacá,Tunja,0,0,0,0,0,0,0,1,0,0,4,1,0,1,0,0,0,0,0,0,0,0,0,0,0,0,0,0,0,0,0,7
Chocó,Bahía Solano,0,0,0,1,0,0,1,0,1,0,0,0,0,0,0,0,0,0,0,0,0,0,0,0,0,0,1,0,0,2,1,7
Cauca,La Vega,0,0,0,0,0,0,0,1,1,0,0,0,0,0,2,0,0,0,0,0,0,0,0,0,0,0,0,0,0,2,1,7
Bolívar,Achí,0,1,0,0,0,0,1,1,1,1,0,1,0,0,0,0,0,0,0,0,0,0,0,0,0,1,0,0,0,0,0,7
Santander,Charta,0,0,0,0,0,0,0,1,3,2,1,0,0,0,0,0,0,0,0,0,0,0,0,0,0,0,0,0,0,0,0,7
Norte de Santander,Salazar,0,0,0,0,0,0,0,4,2,0,0,1,0,0,0,0,0,0,0,0,0,0,0,0,0,0,0,0,0,0,0,7
Sucre,El Roble,0,0,0,0,0,0,0,0,0,2,0,4,0,0,0,0,0,0,0,0,0,0,0,0,0,0,0,0,0,0,1,7
Tolima,Armero,0,0,0,0,0,1,1,1,0,3,1,0,0,0,0,0,0,0,0,0,0,0,0,0,0,0,0,0,0,0,0,7
Santander,San Vicente de Chucurí,0,0,1,0,0,0,0,2,0,2,1,0,0,1,0,0,0,0,0,0,0,0,0,0,0,0,0,0,0,0,0,7
Antioquia,Yalí,0,0,0,1,0,1,2,1,2,0,0,0,0,0,0,0,0,0,0,0,0,0,0,0,0,0,0,0,0,0,0,7
Tolima,Alvarado,0,0,0,0,0,0,0,0,0,3,1,2,0,0,0,1,0,0,0,0,0,0,0,0,0,0,0,0,0,0,0,7
Bolívar,Tiquisio,0,0,0,0,0,0,0,0,1,3,0,2,0,0,0,0,0,0,0,0,0,0,0,0,0,0,1,0,0,0,0,7
Risaralda,Apía,0,0,0,0,0,0,0,1,3,1,0,2,0,0,0,0,0,0,0,0,0,0,0,0,0,0,0,0,0,0,0,7
Caquetá,Morelia,0,0,0,0,0,0,0,3,2,0,1,0,1,0,0,0,0,0,0,0,0,0,0,0,0,0,0,0,0,0,0,7
Quindío,Salento,0,0,0,0,0,0,1,0,0,3,0,0,1,0,1,1,0,0,0,0,0,0,0,0,0,0,0,0,0,0,0,7
Atlántico,Baranoa,0,0,0,0,0,0,0,0,0,2,3,2,0,0,0,0,0,0,0,0,0,0,0,0,0,0,0,0,0,0,0,7
Cundinamarca,Sibaté,0,0,0,1,0,0,0,2,3,0,0,0,0,0,0,0,0,0,0,0,0,0,0,0,0,0,0,0,0,0,0,6
La Guajira,Fonseca,0,0,0,0,0,3,0,0,0,0,1,0,0,1,0,0,0,0,0,0,0,0,0,0,0,0,0,0,0,1,0,6
Antioquia,Sabanalarga municipality (Antioquia),0,0,0,0,1,2,1,0,0,0,0,0,2,0,0,0,0,0,0,0,0,0,0,0,0,0,0,0,0,0,0,6
Antioquia,Heliconia,0,0,0,0,0,1,3,1,1,0,0,0,0,0,0,0,0,0,0,0,0,0,0,0,0,0,0,0,0,0,0,6
Chocó,Bagadó,0,0,0,0,0,0,2,0,0,0,0,3,0,0,0,0,0,0,0,0,0,0,0,0,0,0,0,1,0,0,0,6
Boyacá,Cubará,0,0,0,1,0,2,0,0,0,0,0,0,0,2,0,1,0,0,0,0,0,0,0,0,0,0,0,0,0,0,0,6
Valle del Cauca,Cartago,0,0,0,0,0,1,0,0,0,0,4,0,0,0,1,0,0,0,0,0,0,0,0,0,0,0,0,0,0,0,0,6
Norte de Santander,Herrán,0,0,0,0,0,0,0,3,1,1,1,0,0,0,0,0,0,0,0,0,0,0,0,0,0,0,0,0,0,0,0,6
Cauca,Puerto Tejada,0,0,0,0,1,1,0,1,0,0,0,0,0,0,0,0,0,0,0,0,0,0,0,0,0,0,3,0,0,0,0,6
Valle del Cauca,Calima,0,0,0,0,0,0,1,2,0,1,1,1,0,0,0,0,0,0,0,0,0,0,0,0,0,0,0,0,0,0,0,6
Córdoba,Planeta Rica,0,0,0,0,0,0,0,0,0,2,1,1,0,0,0,0,0,0,0,0,0,0,1,0,0,0,0,0,1,0,0,6
Valle del Cauca,Bugalagrande,0,0,0,0,0,1,5,0,0,0,0,0,0,0,0,0,0,0,0,0,0,0,0,0,0,0,0,0,0,0,0,6
Cundinamarca,La Palma,0,0,0,0,0,0,0,2,0,4,0,0,0,0,0,0,0,0,0,0,0,0,0,0,0,0,0,0,0,0,0,6
Antioquia,Salgar,0,0,0,0,0,0,0,0,3,0,0,0,1,0,0,0,0,0,0,0,0,0,0,0,0,0,0,0,1,0,1,6
Magdalena,Ariguaní,0,0,0,0,0,0,0,3,0,2,1,0,0,0,0,0,0,0,0,0,0,0,0,0,0,0,0,0,0,0,0,6
Sucre,Sucre department,0,0,1,1,0,0,0,0,0,0,2,0,0,0,2,0,0,0,0,0,0,0,0,0,0,0,0,0,0,0,0,6
Huila,Oporapa,0,0,0,0,0,0,3,0,3,0,0,0,0,0,0,0,0,0,0,0,0,0,0,0,0,0,0,0,0,0,0,6
Nariño,Mallama,0,0,0,0,0,0,0,0,1,1,1,1,0,0,0,0,1,0,0,0,0,0,0,0,0,0,0,0,0,1,0,6
Casanare,Chameza,1,0,0,0,0,0,0,0,1,3,1,0,0,0,0,0,0,0,0,0,0,0,0,0,0,0,0,0,0,0,0,6
Caquetá,Solita,0,0,0,0,0,0,1,1,2,1,1,0,0,0,0,0,0,0,0,0,0,0,0,0,0,0,0,0,0,0,0,6
Quindío,Pijao,0,0,0,0,0,0,2,1,1,0,1,0,0,1,0,0,0,0,0,0,0,0,0,0,0,0,0,0,0,0,0,6
Antioquia,La Pintada,0,0,0,0,0,0,0,2,1,2,1,0,0,0,0,0,0,0,0,0,0,0,0,0,0,0,0,0,0,0,0,6
Caquetá,Albania,0,0,0,0,0,0,1,2,2,1,0,0,0,0,0,0,0,0,0,0,0,0,0,0,0,0,0,0,0,0,0,6
Nariño,Cumbitara,0,0,0,0,0,0,0,1,0,1,0,0,0,1,0,0,0,0,0,0,1,0,0,0,0,0,0,0,0,1,1,6
Caldas,Marulanda,0,0,0,0,0,0,2,0,2,0,0,1,1,0,0,0,0,0,0,0,0,0,0,0,0,0,0,0,0,0,0,6
Antioquia,Copacabana,0,0,0,0,0,1,1,0,1,0,0,0,2,1,0,0,0,0,0,0,0,0,0,0,0,0,0,0,0,0,0,6
Huila,Palestina,0,0,0,0,0,0,0,1,1,1,1,0,0,0,0,0,0,0,0,0,0,0,0,0,0,0,0,0,0,0,2,6
Antioquia,Buriticá,0,0,0,0,0,0,1,3,0,1,0,0,0,0,0,0,0,0,0,0,0,0,0,0,0,0,0,0,0,1,0,6
Cundinamarca,Girardot,0,0,0,0,0,0,1,0,0,1,1,3,0,0,0,0,0,0,0,0,0,0,0,0,0,0,0,0,0,0,0,6
Valle del Cauca,Guadalajara de Buga,0,0,0,0,0,2,1,1,1,0,0,0,0,0,0,0,0,0,0,0,0,0,0,0,0,0,0,0,0,1,0,6
Bogotá,San Juan de Sumapaz,0,0,0,0,0,0,6,0,0,0,0,0,0,0,0,0,0,0,0,0,0,0,0,0,0,0,0,0,0,0,0,6
Antioquia,San Pedro de Uraba,2,0,1,0,0,0,1,2,0,0,0,0,0,0,0,0,0,0,0,0,0,0,0,0,0,0,0,0,0,0,0,6
Norte de Santander,Catatumbo region,0,0,0,0,0,0,0,0,3,0,0,1,0,0,0,0,0,0,0,1,0,0,0,1,0,0,0,0,0,0,0,6
Santander,Betulia,0,0,0,0,0,0,0,0,3,2,1,0,0,0,0,0,0,0,0,0,0,0,0,0,0,0,0,0,0,0,0,6
Boyacá,Duitama,0,0,0,0,0,0,2,0,0,1,2,0,0,0,0,0,0,0,0,0,0,0,0,0,0,0,0,0,0,0,0,5
La Guajira,Uribia,0,0,0,0,0,0,0,0,1,0,2,1,0,1,0,0,0,0,0,0,0,0,0,0,0,0,0,0,0,0,0,5
Valle del Cauca,Bolívar,0,0,0,0,0,0,0,0,0,0,3,1,0,0,0,0,0,0,0,0,0,0,0,0,0,0,0,1,0,0,0,5
La Guajira,La Jagua del Pilar,0,0,0,0,0,1,1,0,0,2,0,0,1,0,0,0,0,0,0,0,0,0,0,0,0,0,0,0,0,0,0,5
Cesar,Chimichagua,0,0,0,0,0,0,2,1,0,0,0,0,1,0,0,0,0,0,0,0,0,0,0,0,0,0,0,0,0,0,1,5
Boyacá,Aquitania,0,0,0,0,0,0,1,0,1,2,0,1,0,0,0,0,0,0,0,0,0,0,0,0,0,0,0,0,0,0,0,5
Santander,Piedecuesta,0,0,0,0,0,0,0,1,0,1,0,2,0,0,0,0,0,0,0,0,0,0,0,0,1,0,0,0,0,0,0,5
Cauca,Villa Rica,0,0,0,0,0,0,0,1,0,0,0,1,1,0,1,0,0,0,1,0,0,0,0,0,0,0,0,0,0,0,0,5
Antioquia,Girardota,0,0,0,0,0,0,0,2,3,0,0,0,0,0,0,0,0,0,0,0,0,0,0,0,0,0,0,0,0,0,0,5
Boyacá,Güicán,0,0,0,0,0,0,1,0,2,0,0,0,0,0,0,0,0,0,0,0,0,1,0,0,0,0,1,0,0,0,0,5
Cauca,Sucre,0,0,0,0,0,0,0,0,0,0,0,0,0,0,0,0,0,0,0,0,0,0,1,0,0,0,0,0,0,1,3,5
Córdoba,Sahagún,0,0,0,0,0,0,0,1,0,1,2,0,0,1,0,0,0,0,0,0,0,0,0,0,0,0,0,0,0,0,0,5
Guainía,Barranco Minas,0,0,0,0,0,0,0,2,1,1,0,0,1,0,0,0,0,0,0,0,0,0,0,0,0,0,0,0,0,0,0,5
Santander,Simacota,0,0,0,0,0,0,1,1,1,1,0,0,0,1,0,0,0,0,0,0,0,0,0,0,0,0,0,0,0,0,0,5
Valle del Cauca,Guacarí,0,0,0,0,0,0,1,1,1,1,0,0,0,0,0,0,0,0,0,0,0,0,0,0,0,0,0,0,0,0,1,5
Caldas,Marmato,0,0,0,0,0,0,0,1,0,0,3,1,0,0,0,0,0,0,0,0,0,0,0,0,0,0,0,0,0,0,0,5
Antioquia,Angelópolis,0,0,0,0,0,1,3,0,1,0,0,0,0,0,0,0,0,0,0,0,0,0,0,0,0,0,0,0,0,0,0,5
Huila,Rivera,0,1,0,0,0,0,1,0,0,0,1,1,1,0,0,0,0,0,0,0,0,0,0,0,0,0,0,0,0,0,0,5
Nariño,Los Andes,0,0,0,0,0,0,0,0,2,1,0,2,0,0,0,0,0,0,0,0,0,0,0,0,0,0,0,0,0,0,0,5
Magdalena,El Banco,0,0,0,0,0,0,0,1,0,2,0,1,0,0,0,0,0,0,0,0,0,0,0,0,0,0,0,0,0,1,0,5
Cundinamarca,San Juan de Río Seco,0,1,0,0,0,0,0,1,1,1,0,1,0,0,0,0,0,0,0,0,0,0,0,0,0,0,0,0,0,0,0,5
Cundinamarca,Guayabal de Siquima,0,1,0,0,0,0,1,1,1,1,0,0,0,0,0,0,0,0,0,0,0,0,0,0,0,0,0,0,0,0,0,5
Cundinamarca,Gachetá,0,0,0,0,0,1,0,0,3,1,0,0,0,0,0,0,0,0,0,0,0,0,0,0,0,0,0,0,0,0,0,5
Meta,Restrepo,0,0,0,1,1,0,0,1,1,0,1,0,0,0,0,0,0,0,0,0,0,0,0,0,0,0,0,0,0,0,0,5
Cundinamarca,Gachala,0,0,0,0,1,0,0,2,2,0,0,0,0,0,0,0,0,0,0,0,0,0,0,0,0,0,0,0,0,0,0,5
Antioquia,San Andrés de Cuerquía,0,0,0,0,0,0,0,0,1,0,0,0,0,0,0,0,0,0,0,0,0,0,0,0,4,0,0,0,0,0,0,5
Meta,Puerto Gaitán,0,0,0,1,0,0,1,0,0,1,0,0,0,0,0,1,0,0,0,0,0,0,0,0,0,0,0,0,0,1,0,5
Chocó,Acandí,0,1,0,0,0,3,1,0,0,0,0,0,0,0,0,0,0,0,0,0,0,0,0,0,0,0,0,0,0,0,0,5
Antioquia,Liborina,0,0,0,0,1,3,0,0,0,0,0,0,0,0,0,0,0,0,0,0,0,0,0,0,0,0,0,0,0,0,1,5
Nariño,Taminango,0,0,0,0,0,0,0,0,1,1,1,0,0,0,0,0,0,0,0,0,0,0,0,0,0,0,0,0,0,1,1,5
Cundinamarca,Chaguaní,0,0,0,0,0,0,0,0,2,3,0,0,0,0,0,0,0,0,0,0,0,0,0,0,0,0,0,0,0,0,0,5
Meta,San Martín,0,0,0,1,0,0,1,0,2,1,0,0,0,0,0,0,0,0,0,0,0,0,0,0,0,0,0,0,0,0,0,5
Bolívar,San Estanislao,0,0,0,0,0,0,0,0,0,0,0,4,0,0,0,0,0,0,0,0,0,0,0,0,0,0,0,0,0,1,0,5
Tolima,Melgar,0,0,0,0,0,0,0,0,0,1,3,0,0,0,1,0,0,0,0,0,0,0,0,0,0,0,0,0,0,0,0,5
Antioquia,Necoclí,2,0,0,0,0,0,0,0,1,0,0,0,1,0,0,0,0,0,0,0,0,0,0,0,0,0,0,0,0,1,0,5
Magdalena,Remolino,0,0,0,0,0,0,3,1,0,0,1,0,0,0,0,0,0,0,0,0,0,0,0,0,0,0,0,0,0,0,0,5
Cundinamarca,Tenjo,1,0,0,0,0,0,0,0,2,2,0,0,0,0,0,0,0,0,0,0,0,0,0,0,0,0,0,0,0,0,0,5
Santander,Zapatoca,0,0,0,0,0,0,1,0,1,3,0,0,0,0,0,0,0,0,0,0,0,0,0,0,0,0,0,0,0,0,0,5
Antioquia,Maceo,0,0,0,0,0,1,2,0,0,2,0,0,0,0,0,0,0,0,0,0,0,0,0,0,0,0,0,0,0,0,0,5
Magdalena,Guamal,0,0,0,0,0,0,0,1,0,1,2,1,0,0,0,0,0,0,0,0,0,0,0,0,0,0,0,0,0,0,0,5
Sucre,Sucre,0,0,0,0,0,0,0,1,1,0,1,1,0,0,0,0,0,0,0,0,0,0,0,0,0,1,0,0,0,0,0,5
Bolívar,Turbaná,0,0,0,0,0,0,0,1,1,2,0,0,0,0,0,0,0,0,0,0,0,0,0,0,0,0,0,0,0,0,1,5
Magdalena,Puebloviejo,0,0,0,0,0,0,1,1,0,0,2,0,0,0,0,0,0,0,0,0,0,0,0,1,0,0,0,0,0,0,0,5
Cundinamarca,Silvania,0,0,0,1,0,0,1,1,0,2,0,0,0,0,0,0,0,0,0,0,0,0,0,0,0,0,0,0,0,0,0,5
Cundinamarca,Guaduas,0,0,0,0,0,0,0,2,1,1,1,0,0,0,0,0,0,0,0,0,0,0,0,0,0,0,0,0,0,0,0,5
Casanare,Sácama,0,0,0,0,0,0,0,0,0,2,1,0,0,0,0,0,0,0,0,0,0,0,0,0,0,0,0,1,0,0,1,5
Norte de Santander,Gramalote,0,0,0,0,0,0,0,5,0,0,0,0,0,0,0,0,0,0,0,0,0,0,0,0,0,0,0,0,0,0,0,5
Nariño,El Rosario,0,0,0,0,1,0,1,0,0,0,0,1,0,0,0,0,0,0,0,0,0,0,0,1,0,0,0,0,0,0,0,4
Tolima,Mariquita,0,0,0,0,0,0,0,2,0,0,1,1,0,0,0,0,0,0,0,0,0,0,0,0,0,0,0,0,0,0,0,4
Nariño,Puerres,0,0,0,0,0,0,1,1,0,0,1,0,0,0,0,1,0,0,0,0,0,0,0,0,0,0,0,0,0,0,0,4
Nariño,Colón,0,0,0,0,0,1,1,0,1,1,0,0,0,0,0,0,0,0,0,0,0,0,0,0,0,0,0,0,0,0,0,4
Risaralda,Balboa,0,0,0,0,0,0,0,0,0,1,2,1,0,0,0,0,0,0,0,0,0,0,0,0,0,0,0,0,0,0,0,4
Nariño,San José de Albán,0,0,0,0,0,0,1,2,1,0,0,0,0,0,0,0,0,0,0,0,0,0,0,0,0,0,0,0,0,0,0,4
Vichada,Puerto Carreño,1,0,0,0,0,1,0,0,1,0,0,0,0,0,0,0,0,0,0,0,0,0,0,0,0,0,0,1,0,0,0,4
Nariño,Leiva,0,0,0,0,0,0,0,0,0,0,0,0,0,0,0,0,1,0,0,1,0,0,0,0,0,0,2,0,0,0,0,4
Tolima,Guamo,0,0,0,0,0,0,0,0,0,2,2,0,0,0,0,0,0,0,0,0,0,0,0,0,0,0,0,0,0,0,0,4
Meta,El Dorado,0,0,0,0,0,1,0,1,1,1,0,0,0,0,0,0,0,0,0,0,0,0,0,0,0,0,0,0,0,0,0,4
Tolima,Alpujarra,0,0,0,0,0,0,0,0,1,3,0,0,0,0,0,0,0,0,0,0,0,0,0,0,0,0,0,0,0,0,0,4
Valle del Cauca,El Águila,0,0,0,0,0,0,0,1,2,0,0,0,0,0,0,0,0,0,0,0,0,0,1,0,0,0,0,0,0,0,0,4
Sucre,San Pedro,0,0,0,0,0,0,1,0,1,1,0,1,0,0,0,0,0,0,0,0,0,0,0,0,0,0,0,0,0,0,0,4
Santander,El Peñón,0,0,0,0,0,0,0,1,0,2,0,0,0,0,0,1,0,0,0,0,0,0,0,0,0,0,0,0,0,0,0,4
Sucre,San Juan de Betulia,0,0,0,0,0,0,1,0,0,0,2,1,0,0,0,0,0,0,0,0,0,0,0,0,0,0,0,0,0,0,0,4
Santander,Capitanejo,0,0,0,0,0,1,1,2,0,0,0,0,0,0,0,0,0,0,0,0,0,0,0,0,0,0,0,0,0,0,0,4
Huila,Tarqui,0,0,0,0,0,0,0,0,3,1,0,0,0,0,0,0,0,0,0,0,0,0,0,0,0,0,0,0,0,0,0,4
Norte de Santander,Durania,0,0,0,0,0,0,0,3,0,0,0,0,0,0,1,0,0,0,0,0,0,0,0,0,0,0,0,0,0,0,0,4
Sucre,Majagual,0,0,0,0,1,0,0,0,0,1,0,0,0,0,0,0,0,0,0,0,0,0,0,0,0,0,0,0,0,2,0,4
Magdalena,Tenerife,0,0,0,0,0,0,1,0,0,3,0,0,0,0,0,0,0,0,0,0,0,0,0,0,0,0,0,0,0,0,0,4
Sucre,Corozal,0,0,0,0,0,0,0,0,0,0,2,2,0,0,0,0,0,0,0,0,0,0,0,0,0,0,0,0,0,0,0,4
Magdalena,San Sebastián de Buenavista,0,0,0,0,1,0,0,1,0,0,1,0,0,0,0,0,0,0,0,0,0,0,0,0,0,0,0,0,0,1,0,4
Magdalena,Sabanas de San Angel,0,0,0,0,1,0,1,1,0,1,0,0,0,0,0,0,0,0,0,0,0,0,0,0,0,0,0,0,0,0,0,4
Santander,Puerto Parra,0,0,1,0,0,0,0,0,0,1,0,0,1,1,0,0,0,0,0,0,0,0,0,0,0,0,0,0,0,0,0,4
Nariño,Olaya Herrera,0,0,0,0,0,0,0,2,0,0,0,2,0,0,0,0,0,0,0,0,0,0,0,0,0,0,0,0,0,0,0,4
Vichada,Vichada department,0,0,0,0,1,0,0,0,0,1,1,1,0,0,0,0,0,0,0,0,0,0,0,0,0,0,0,0,0,0,0,4
Chocó,Istmina,0,0,0,0,0,0,0,0,0,0,0,0,1,0,1,0,0,0,0,0,0,0,0,0,0,0,0,1,0,1,0,4
Chocó,Nuquí,0,0,0,0,0,0,1,0,0,0,0,0,0,0,0,0,0,0,0,0,0,0,0,0,0,0,1,0,1,1,0,4
Antioquia,Carolina,0,0,0,0,0,0,2,1,0,1,0,0,0,0,0,0,0,0,0,0,0,0,0,0,0,0,0,0,0,0,0,4
Antioquia,Concordia,0,0,0,0,0,0,0,3,0,0,0,0,0,0,0,0,0,0,0,0,0,0,0,0,0,0,0,0,0,1,0,4
Boyacá,La Uvita,0,0,0,0,0,1,2,0,0,0,0,1,0,0,0,0,0,0,0,0,0,0,0,0,0,0,0,0,0,0,0,4
Cundinamarca,Fusagasugá,0,0,0,0,0,1,0,0,1,0,1,1,0,0,0,0,0,0,0,0,0,0,0,0,0,0,0,0,0,0,0,4
Cauca,Florencia,0,0,0,0,0,0,0,0,1,1,0,0,1,1,0,0,0,0,0,0,0,0,0,0,0,0,0,0,0,0,0,4
Antioquia,Fredonia,0,0,0,0,0,0,0,1,1,2,0,0,0,0,0,0,0,0,0,0,0,0,0,0,0,0,0,0,0,0,0,4
Cundinamarca,Quipile,0,0,0,0,0,0,0,1,1,2,0,0,0,0,0,0,0,0,0,0,0,0,0,0,0,0,0,0,0,0,0,4
Cundinamarca,Guayabetal,0,1,0,0,0,0,2,1,0,0,0,0,0,0,0,0,0,0,0,0,0,0,0,0,0,0,0,0,0,0,0,4
Cundinamarca,Villapinzón,0,0,0,0,0,0,0,0,2,2,0,0,0,0,0,0,0,0,0,0,0,0,0,0,0,0,0,0,0,0,0,4
Córdoba,San Andrés Sotavento,0,0,0,0,0,0,0,0,0,2,1,1,0,0,0,0,0,0,0,0,0,0,0,0,0,0,0,0,0,0,0,4
Cundinamarca,La Peña,0,0,0,0,0,0,0,1,1,2,0,0,0,0,0,0,0,0,0,0,0,0,0,0,0,0,0,0,0,0,0,4
Antioquia,Puerto Triunfo,0,0,0,0,0,1,1,0,0,2,0,0,0,0,0,0,0,0,0,0,0,0,0,0,0,0,0,0,0,0,0,4
Casanare,Maní,0,0,0,0,1,0,0,0,0,0,0,3,0,0,0,0,0,0,0,0,0,0,0,0,0,0,0,0,0,0,0,4
Antioquia,San Juan de Urabá,0,0,0,0,0,0,1,0,2,0,1,0,0,0,0,0,0,0,0,0,0,0,0,0,0,0,0,0,0,0,0,4
Antioquia,Santa Fé de Antioquia,0,0,1,0,0,0,0,0,0,0,1,0,1,0,0,0,0,0,0,0,0,0,0,0,0,1,0,0,0,0,0,4
Antioquia,Titiribí,0,0,0,0,0,0,2,2,0,0,0,0,0,0,0,0,0,0,0,0,0,0,0,0,0,0,0,0,0,0,0,4
Atlántico,Sabanagrande,0,0,0,0,0,0,0,0,0,0,0,1,0,0,0,0,0,0,0,0,0,0,0,0,0,0,0,0,0,1,2,4
Cundinamarca,Pasca,0,0,0,0,0,0,0,0,0,1,0,2,1,0,0,0,0,0,0,0,0,0,0,0,0,0,0,0,0,0,0,4
Cundinamarca,El Colegio,0,0,0,0,0,0,1,0,0,1,2,0,0,0,0,0,0,0,0,0,0,0,0,0,0,0,0,0,0,0,0,4
Chocó,Medio San Juan,0,0,0,0,0,0,0,0,0,0,1,0,1,0,0,0,0,0,0,0,0,0,0,0,0,0,0,0,2,0,0,4
Caldas,Marquetalia,0,0,0,0,0,0,1,0,1,0,1,0,0,0,1,0,0,0,0,0,0,0,0,0,0,0,0,0,0,0,0,4
Cauca,López,0,0,0,0,0,0,1,0,0,0,0,0,0,0,0,1,1,0,0,0,0,0,0,0,0,0,1,0,0,0,0,4
Cauca,San Sebastian,0,0,0,0,0,0,0,0,0,2,1,0,0,0,0,0,0,0,0,0,0,0,0,0,0,0,0,0,0,1,0,4
Córdoba,San Pelayo,0,0,0,0,0,0,0,0,1,0,2,0,0,1,0,0,0,0,0,0,0,0,0,0,0,0,0,0,0,0,0,4
Cesar,Pelaya,0,0,0,0,0,0,1,1,1,0,1,0,0,0,0,0,0,0,0,0,0,0,0,0,0,0,0,0,0,0,0,4
Cesar,Río de Oro,0,0,0,0,0,0,0,2,0,0,0,0,0,0,0,0,0,0,0,0,0,0,0,0,0,0,0,0,0,1,1,4
Caldas,Aranzazu,0,0,0,0,0,0,0,1,2,1,0,0,0,0,0,0,0,0,0,0,0,0,0,0,0,0,0,0,0,0,0,4
Guainía,Guainía department,0,0,0,0,0,0,1,0,3,0,0,0,0,0,0,0,0,0,0,0,0,0,0,0,0,0,0,0,0,0,0,4
Meta,Fuente de Oro,0,0,0,0,0,0,1,1,0,1,0,0,0,0,0,0,0,0,0,0,0,0,0,0,0,0,0,0,0,0,0,3
Nariño,La Llanada,0,0,0,0,0,0,0,0,0,0,1,0,1,0,0,0,0,0,0,0,0,0,0,0,0,0,0,0,0,0,1,3
Cundinamarca,Macheta,0,0,0,0,0,0,1,0,2,0,0,0,0,0,0,0,0,0,0,0,0,0,0,0,0,0,0,0,0,0,0,3
Bolívar,El Guamo,0,0,0,0,0,1,0,0,0,0,0,0,2,0,0,0,0,0,0,0,0,0,0,0,0,0,0,0,0,0,0,3
Boyacá,Sogamoso,0,0,0,0,0,0,0,0,0,0,2,1,0,0,0,0,0,0,0,0,0,0,0,0,0,0,0,0,0,0,0,3
Meta,La Uribe,0,0,0,0,0,0,0,1,0,0,0,0,0,0,2,0,0,0,0,0,0,0,0,0,0,0,0,0,0,0,0,3
Bolívar,Calamar,0,0,0,0,0,1,0,0,1,0,0,1,0,0,0,0,0,0,0,0,0,0,0,0,0,0,0,0,0,0,0,3
Nariño,Linares,0,0,0,0,0,0,1,0,0,0,0,2,0,0,0,0,0,0,0,0,0,0,0,0,0,0,0,0,0,0,0,3
Cundinamarca,Pacho,0,0,0,0,0,0,0,0,2,1,0,0,0,0,0,0,0,0,0,0,0,0,0,0,0,0,0,0,0,0,0,3
Santander,San Miguel,0,0,0,0,0,0,0,1,2,0,0,0,0,0,0,0,0,0,0,0,0,0,0,0,0,0,0,0,0,0,0,3
Nariño,Magüi,0,0,0,0,0,0,0,0,0,0,0,0,1,0,0,0,0,0,0,0,0,0,0,0,0,0,0,0,1,0,1,3
Bolívar,Barranco de Loba,0,0,0,0,0,0,1,0,1,0,0,0,0,0,0,0,0,0,0,0,0,0,0,0,0,0,0,1,0,0,0,3
Meta,El Calvario,0,0,0,0,0,0,0,0,1,1,1,0,0,0,0,0,0,0,0,0,0,0,0,0,0,0,0,0,0,0,0,3
Norte de Santander,San Cayetano,0,0,0,0,0,0,2,0,0,1,0,0,0,0,0,0,0,0,0,0,0,0,0,0,0,0,0,0,0,0,0,3
Nariño,Potosí,0,0,0,0,0,0,1,1,0,0,1,0,0,0,0,0,0,0,0,0,0,0,0,0,0,0,0,0,0,0,0,3
Cundinamarca,Anolaima,0,0,0,0,0,0,0,1,0,2,0,0,0,0,0,0,0,0,0,0,0,0,0,0,0,0,0,0,0,0,0,3
Meta,Guamal,0,0,0,0,0,0,0,3,0,0,0,0,0,0,0,0,0,0,0,0,0,0,0,0,0,0,0,0,0,0,0,3
Sucre,San Marcos,0,0,0,0,0,0,0,0,0,0,0,0,0,0,0,0,0,0,0,0,0,0,0,0,0,0,1,0,0,0,2,3
Bolívar,Río Viejo,0,0,0,0,0,0,0,0,0,1,1,0,1,0,0,0,0,0,0,0,0,0,0,0,0,0,0,0,0,0,0,3
Cesar,Gamarra,0,0,0,0,0,0,0,0,2,0,0,0,0,0,1,0,0,0,0,0,0,0,0,0,0,0,0,0,0,0,0,3
Santander,Barbosa,0,0,0,0,0,0,0,1,1,1,0,0,0,0,0,0,0,0,0,0,0,0,0,0,0,0,0,0,0,0,0,3
Caldas,Risaralda,0,0,0,0,0,0,0,1,1,0,0,1,0,0,0,0,0,0,0,0,0,0,0,0,0,0,0,0,0,0,0,3
Nariño,El Tablón de Gómez,0,0,0,0,0,0,1,0,0,1,0,1,0,0,0,0,0,0,0,0,0,0,0,0,0,0,0,0,0,0,0,3
Nariño,Cuaspud,0,0,0,0,0,0,0,0,3,0,0,0,0,0,0,0,0,0,0,0,0,0,0,0,0,0,0,0,0,0,0,3
Risaralda,La Virginia,0,0,0,0,0,0,0,0,0,0,1,1,0,0,0,0,0,0,0,0,0,0,0,0,0,0,0,1,0,0,0,3
Santander,Chima muncipality,0,0,0,0,0,0,0,0,3,0,0,0,0,0,0,0,0,0,0,0,0,0,0,0,0,0,0,0,0,0,0,3
Boyacá,San Pablo de Borbur,0,0,0,0,0,0,0,0,0,0,3,0,0,0,0,0,0,0,0,0,0,0,0,0,0,0,0,0,0,0,0,3
Boyacá,Gameza,0,0,0,0,0,0,2,0,0,0,1,0,0,0,0,0,0,0,0,0,0,0,0,0,0,0,0,0,0,0,0,3
Santander,Málaga munipality,0,0,0,0,0,0,0,3,0,0,0,0,0,0,0,0,0,0,0,0,0,0,0,0,0,0,0,0,0,0,0,3
Chocó,Sipi,0,0,0,0,0,0,0,0,0,0,0,1,0,0,0,0,0,0,0,0,0,0,0,0,0,0,0,0,0,1,1,3
Santander,Florián,1,0,0,0,0,0,0,2,0,0,0,0,0,0,0,0,0,0,0,0,0,0,0,0,0,0,0,0,0,0,0,3
Caldas,Viterbo,0,0,0,0,0,0,0,0,0,0,0,2,0,0,1,0,0,0,0,0,0,0,0,0,0,0,0,0,0,0,0,3
Boyacá,Chiquinquirá,0,0,0,0,0,0,0,0,1,0,1,1,0,0,0,0,0,0,0,0,0,0,0,0,0,0,0,0,0,0,0,3
Cundinamarca,Gutiérrez,0,0,0,1,0,1,0,0,0,1,0,0,0,0,0,0,0,0,0,0,0,0,0,0,0,0,0,0,0,0,0,3
Santander,Tona,0,0,0,0,0,1,0,0,1,1,0,0,0,0,0,0,0,0,0,0,0,0,0,0,0,0,0,0,0,0,0,3
Santander,Velez,0,0,0,0,0,0,1,1,1,0,0,0,0,0,0,0,0,0,0,0,0,0,0,0,0,0,0,0,0,0,0,3
Cundinamarca,Jerusalén,0,0,1,0,0,0,0,0,0,1,0,0,0,0,1,0,0,0,0,0,0,0,0,0,0,0,0,0,0,0,0,3
Boyacá,Caldas,0,2,0,1,0,0,0,0,0,0,0,0,0,0,0,0,0,0,0,0,0,0,0,0,0,0,0,0,0,0,0,3
Nariño,Túquerres,0,0,0,0,0,0,0,0,2,0,0,1,0,0,0,0,0,0,0,0,0,0,0,0,0,0,0,0,0,0,0,3
Santander,Puente Nacional,0,0,0,0,0,0,0,1,1,1,0,0,0,0,0,0,0,0,0,0,0,0,0,0,0,0,0,0,0,0,0,3
Cesar,El Paso,0,0,0,0,0,0,1,0,0,0,0,0,0,0,0,0,0,0,0,0,0,0,0,0,0,0,0,0,0,1,1,3
Atlántico,Ponedera,0,0,0,0,0,0,0,0,0,1,0,1,0,0,0,0,0,0,0,0,0,0,0,1,0,0,0,0,0,0,0,3
Magdalena,Algarrobo,0,0,0,0,0,0,0,0,0,0,2,0,0,0,0,0,0,0,0,0,0,0,0,0,0,0,0,0,0,0,1,3
Valle del Cauca,Restrepo,0,0,0,0,0,0,3,0,0,0,0,0,0,0,0,0,0,0,0,0,0,0,0,0,0,0,0,0,0,0,0,3
Casanare,Tauramena,0,0,0,0,0,0,0,1,0,0,1,1,0,0,0,0,0,0,0,0,0,0,0,0,0,0,0,0,0,0,0,3
Antioquia,Gómez Plata,0,0,0,0,0,0,2,0,0,0,0,0,1,0,0,0,0,0,0,0,0,0,0,0,0,0,0,0,0,0,0,3
Córdoba,Chimá,0,0,0,0,0,0,0,0,0,2,1,0,0,0,0,0,0,0,0,0,0,0,0,0,0,0,0,0,0,0,0,3
Córdoba,Chinú,0,0,0,0,0,0,0,0,0,2,0,0,0,1,0,0,0,0,0,0,0,0,0,0,0,0,0,0,0,0,0,3
Antioquia,Don Matías,0,0,0,1,0,0,0,1,0,1,0,0,0,0,0,0,0,0,0,0,0,0,0,0,0,0,0,0,0,0,0,3
La Guajira,Hatonuevo,0,0,0,0,0,0,0,1,0,0,0,0,0,1,1,0,0,0,0,0,0,0,0,0,0,0,0,0,0,0,0,3
Córdoba,Los Córdobas,0,0,0,0,0,0,0,0,0,1,0,1,0,0,0,1,0,0,0,0,0,0,0,0,0,0,0,0,0,0,0,3
La Guajira,Distracción,0,0,0,0,0,1,1,1,0,0,0,0,0,0,0,0,0,0,0,0,0,0,0,0,0,0,0,0,0,0,0,3
Valle del Cauca,El Dovio,0,0,0,0,0,0,0,0,0,0,1,0,1,0,0,0,0,0,0,0,0,0,0,0,1,0,0,0,0,0,0,3
Antioquia,Ciudad Bolívar,0,0,0,0,0,0,2,0,0,0,0,0,0,0,0,0,0,0,0,0,0,0,0,0,0,0,0,0,0,1,0,3
Antioquia,Caramanta,0,0,0,0,0,0,0,1,2,0,0,0,0,0,0,0,0,0,0,0,0,0,0,0,0,0,0,0,0,0,0,3
Huila,Villavieja,0,0,0,0,0,0,1,1,0,0,0,0,1,0,0,0,0,0,0,0,0,0,0,0,0,0,0,0,0,0,0,3
Antioquia,Caracolí,0,0,0,0,0,2,1,0,0,0,0,0,0,0,0,0,0,0,0,0,0,0,0,0,0,0,0,0,0,0,0,3
Valle del Cauca,La Cumbre,0,0,0,0,0,0,1,1,1,0,0,0,0,0,0,0,0,0,0,0,0,0,0,0,0,0,0,0,0,0,0,3
Córdoba,San Jose de Ure,0,0,0,0,0,0,0,0,0,0,0,0,0,0,0,0,0,0,0,0,0,0,0,0,2,0,1,0,0,0,0,3
Valle del Cauca,Trujillo,0,0,0,0,0,0,1,0,0,1,1,0,0,0,0,0,0,0,0,0,0,0,0,0,0,0,0,0,0,0,0,3
Putumayo,San Francisco,0,0,0,0,0,0,2,0,1,0,0,0,0,0,0,0,0,0,0,0,0,0,0,0,0,0,0,0,0,0,0,3
Norte de Santander,Ragonvalia,0,0,0,0,0,0,0,2,0,1,0,0,0,0,0,0,0,0,0,0,0,0,0,0,0,0,0,0,0,0,0,3
Huila,Guadalupe,0,0,0,0,0,1,0,1,0,1,0,0,0,0,0,0,0,0,0,0,0,0,0,0,0,0,0,0,0,0,0,3
Vichada,La Primavera,0,0,0,0,0,1,1,0,1,0,0,0,0,0,0,0,0,0,0,0,0,0,0,0,0,0,0,0,0,0,0,3
Huila,Aipe,0,0,0,0,0,0,0,2,1,0,0,0,0,0,0,0,0,0,0,0,0,0,0,0,0,0,0,0,0,0,0,3
Huila,Altamira,0,0,0,0,0,0,0,1,1,1,0,0,0,0,0,0,0,0,0,0,0,0,0,0,0,0,0,0,0,0,0,3
Tolima,Villarrica,0,0,0,0,0,0,1,0,0,0,1,0,0,1,0,0,0,0,0,0,0,0,0,0,0,0,0,0,0,0,0,3
Córdoba,Canalete,0,0,0,0,0,0,0,0,0,1,0,0,1,0,0,0,0,0,0,0,0,0,1,0,0,0,0,0,0,0,0,3
Córdoba,San Carlos,0,0,0,0,0,0,0,0,2,0,1,0,0,0,0,0,0,0,0,0,0,0,0,0,0,0,0,0,0,0,0,3
Antioquia,Jericó,0,0,0,0,0,0,1,0,0,1,1,0,0,0,0,0,0,0,0,0,0,0,0,0,0,0,0,0,0,0,0,3
Atlántico,Atlántico department,0,0,0,0,0,0,0,0,0,0,0,0,1,0,0,0,0,0,1,0,0,0,0,0,0,0,0,0,0,0,1,3
Cundinamarca,Beltrán,1,0,0,0,1,0,0,1,0,0,0,0,0,0,0,0,0,0,0,0,0,0,0,0,0,0,0,0,0,0,0,3
Tolima,Frenso,0,0,0,0,0,0,0,2,0,1,0,0,0,0,0,0,0,0,0,0,0,0,0,0,0,0,0,0,0,0,0,3
Tolima,Herveo,0,0,0,0,0,0,0,1,0,1,0,1,0,0,0,0,0,0,0,0,0,0,0,0,0,0,0,0,0,0,0,3
Norte de Santander,Cachirá municipalaity,0,0,0,0,0,0,2,0,0,1,0,0,0,0,0,0,0,0,0,0,0,0,0,0,0,0,0,0,0,0,0,3
Antioquia,San José de La Montaña,0,0,0,0,0,0,0,0,0,1,1,0,0,0,0,0,0,0,0,0,0,0,0,0,0,0,0,0,0,0,1,3
Cundinamarca,Tibacuy,0,0,0,0,0,1,0,0,2,0,0,0,0,0,0,0,0,0,0,0,0,0,0,0,0,0,0,0,0,0,0,3
Chocó,Condoto,0,0,0,0,0,0,0,0,0,2,0,1,0,0,0,0,0,0,0,0,0,0,0,0,0,0,0,0,0,0,0,3
Tolima,Purificación,0,0,0,0,0,0,1,0,0,1,1,0,0,0,0,0,0,0,0,0,0,0,0,0,0,0,0,0,0,0,0,3
Magdalena,Pedraza,0,0,0,0,0,0,0,0,0,3,0,0,0,0,0,0,0,0,0,0,0,0,0,0,0,0,0,0,0,0,0,3
Norte de Santander,Chinácota,0,0,0,0,0,0,2,1,0,0,0,0,0,0,0,0,0,0,0,0,0,0,0,0,0,0,0,0,0,0,0,3
Cundinamarca,Une,0,0,0,0,0,0,1,0,0,2,0,0,0,0,0,0,0,0,0,0,0,0,0,0,0,0,0,0,0,0,0,3
Magdalena,El Retén,0,0,0,0,0,0,1,0,0,0,0,2,0,0,0,0,0,0,0,0,0,0,0,0,0,0,0,0,0,0,0,3
Casanare,Recetor,0,0,0,0,0,1,0,1,0,0,0,1,0,0,0,0,0,0,0,0,0,0,0,0,0,0,0,0,0,0,0,3
Antioquia,Highway linking Dabeiba and Mutata,0,0,0,0,0,1,0,0,1,0,0,0,1,0,0,0,0,0,0,0,0,0,0,0,0,0,0,0,0,0,0,3
Magdalena,El Piñon,0,0,0,0,0,2,0,0,0,1,0,0,0,0,0,0,0,0,0,0,0,0,0,0,0,0,0,0,0,0,0,3
Santander,Concepción,0,0,0,0,0,0,1,1,0,0,1,0,0,0,0,0,0,0,0,0,0,0,0,0,0,0,0,0,0,0,0,3
Cundinamarca,Yacopí,0,0,0,0,0,0,1,1,1,0,0,0,0,0,0,0,0,0,0,0,0,0,0,0,0,0,0,0,0,0,0,3
Quindío,Armenia,0,0,0,0,0,0,0,0,0,0,0,0,0,0,2,0,0,0,0,0,0,0,0,0,0,0,0,0,0,0,0,2
Risaralda,Risaralda department,0,0,0,1,0,0,0,0,0,0,0,0,0,1,0,0,0,0,0,0,0,0,0,0,0,0,0,0,0,0,0,2
Caldas,Arboleda village,0,0,0,0,0,0,1,0,0,0,1,0,0,0,0,0,0,0,0,0,0,0,0,0,0,0,0,0,0,0,0,2
Putumayo,Santiago,0,0,0,0,0,0,2,0,0,0,0,0,0,0,0,0,0,0,0,0,0,0,0,0,0,0,0,0,0,0,0,2
Putumayo,Leguízamo,0,0,1,0,0,0,0,0,0,0,0,0,0,0,1,0,0,0,0,0,0,0,0,0,0,0,0,0,0,0,0,2
Caquetá,La Unión Peneya,0,0,0,0,0,0,0,0,1,0,0,0,0,0,0,0,0,0,0,0,1,0,0,0,0,0,0,0,0,0,0,2
Caquetá,Road between Morelia and Florencia,0,0,0,0,0,0,1,1,0,0,0,0,0,0,0,0,0,0,0,0,0,0,0,0,0,0,0,0,0,0,0,2
Cauca,Guachene,0,0,0,0,0,0,0,0,0,0,0,0,0,0,0,0,0,0,0,0,0,0,0,0,0,0,0,0,0,2,0,2
Caldas,Victoria,0,0,0,0,0,0,0,0,2,0,0,0,0,0,0,0,0,0,0,0,0,0,0,0,0,0,0,0,0,0,0,2
Quindío,Quimbaya,0,0,0,0,0,0,0,0,0,0,0,0,0,0,2,0,0,0,0,0,0,0,0,0,0,0,0,0,0,0,0,2
Putumayo,"Putumayo department, bordering Ecuador",0,0,0,0,0,0,0,0,0,1,0,1,0,0,0,0,0,0,0,0,0,0,0,0,0,0,0,0,0,0,0,2
Casanare,San Luis de Palenque,0,0,1,0,0,0,0,1,0,0,0,0,0,0,0,0,0,0,0,0,0,0,0,0,0,0,0,0,0,0,0,2
Norte de Santander,Pamplona,0,0,0,0,0,0,0,1,0,1,0,0,0,0,0,0,0,0,0,0,0,0,0,0,0,0,0,0,0,0,0,2
Risaralda,La Celia,0,0,0,0,0,0,0,0,0,0,0,0,0,0,0,0,0,0,0,0,0,0,0,0,0,1,0,0,1,0,0,2
Huila,Highway between Pitalito and Mocoa,0,0,0,0,0,0,0,1,1,0,0,0,0,0,0,0,0,0,0,0,0,0,0,0,0,0,0,0,0,0,0,2
Santander,San Andrés,0,0,0,0,0,0,0,0,0,2,0,0,0,0,0,0,0,0,0,0,0,0,0,0,0,0,0,0,0,0,0,2
Valle del Cauca,Highway between Cali and Buenaventura,0,0,0,1,0,0,0,0,0,0,0,0,0,0,0,0,0,0,1,0,0,0,0,0,0,0,0,0,0,0,0,2
Tolima,Falan,0,0,0,0,0,0,0,1,0,0,0,1,0,0,0,0,0,0,0,0,0,0,0,0,0,0,0,0,0,0,0,2
Antioquia,Venecia,0,0,0,0,0,0,1,0,0,0,0,0,0,0,0,0,0,0,0,0,0,0,0,0,0,0,0,0,1,0,0,2
Antioquia,San Jerónimo,0,0,0,0,0,0,0,1,0,1,0,0,0,0,0,0,0,0,0,0,0,0,0,0,0,0,0,0,0,0,0,2
Antioquia,Puerto Nare,0,0,0,0,0,0,0,1,0,0,0,0,0,0,0,0,0,0,0,0,0,0,0,1,0,0,0,0,0,0,0,2
Antioquia,Jardin,0,0,0,0,0,0,0,2,0,0,0,0,0,0,0,0,0,0,0,0,0,0,0,0,0,0,0,0,0,0,0,2
Antioquia,Highway linking Caicedo and Urrao,0,0,0,1,0,0,1,0,0,0,0,0,0,0,0,0,0,0,0,0,0,0,0,0,0,0,0,0,0,0,0,2
Valle del Cauca,Ansermanuevo,0,0,0,0,0,0,1,0,0,0,0,0,0,0,0,0,0,0,0,0,0,0,0,0,0,1,0,0,0,0,0,2
Valle del Cauca,Caicedonia,0,0,0,0,0,0,1,0,0,0,0,0,0,0,0,1,0,0,0,0,0,0,0,0,0,0,0,0,0,0,0,2
Antioquia,Between Mutata and Dabeiba,0,0,0,0,0,1,0,1,0,0,0,0,0,0,0,0,0,0,0,0,0,0,0,0,0,0,0,0,0,0,0,2
Atlántico,Puerto Colombia,0,0,0,0,0,1,0,1,0,0,0,0,0,0,0,0,0,0,0,0,0,0,0,0,0,0,0,0,0,0,0,2
Antioquia,Betania,0,0,0,0,0,1,0,0,0,0,0,0,0,0,0,0,0,0,0,0,0,0,0,0,0,0,0,1,0,0,0,2
Antioquia,Arboletes,0,0,0,0,0,0,0,0,0,0,0,0,0,0,0,0,0,0,0,0,0,0,0,0,0,0,1,0,0,1,0,2
Valle del Cauca,Versalles,0,0,0,0,0,0,0,0,0,0,1,0,0,0,0,0,0,0,0,0,0,0,0,0,0,0,0,0,1,0,0,2
Valle del Cauca,Villa Colombia village,0,0,0,0,0,0,1,1,0,0,0,0,0,0,0,0,0,0,0,0,0,0,0,0,0,0,0,0,0,0,0,2
Vaupés,Carurú,0,0,0,0,0,0,0,0,0,0,0,1,0,0,0,0,0,0,0,0,0,0,0,0,0,0,0,0,0,0,1,2
Vaupés,Papunaua,0,0,0,0,0,0,0,0,0,0,0,2,0,0,0,0,0,0,0,0,0,0,0,0,0,0,0,0,0,0,0,2
Amazonas,Puerto Arica,0,0,0,0,0,0,0,0,0,2,0,0,0,0,0,0,0,0,0,0,0,0,0,0,0,0,0,0,0,0,0,2
Vichada,Santa Rosalía,0,0,0,0,0,0,2,0,0,0,0,0,0,0,0,0,0,0,0,0,0,0,0,0,0,0,0,0,0,0,0,2
Atlántico,Juan de Acosta,0,0,0,0,0,0,0,0,0,0,0,1,0,0,0,0,0,0,0,0,0,0,0,1,0,0,0,0,0,0,0,2
Atlántico,Santo Tomás,0,0,0,0,0,0,0,0,0,0,0,2,0,0,0,0,0,0,0,0,0,0,0,0,0,0,0,0,0,0,0,2
Santander,Albania,0,0,0,0,1,0,0,1,0,0,0,0,0,0,0,0,0,0,0,0,0,0,0,0,0,0,0,0,0,0,0,2
Boyacá,El Espino,0,0,0,0,0,1,0,0,1,0,0,0,0,0,0,0,0,0,0,0,0,0,0,0,0,0,0,0,0,0,0,2
Boyacá,Susacón,0,0,0,0,0,0,0,0,1,0,0,0,0,0,0,0,0,0,0,0,0,0,0,0,0,0,0,0,1,0,0,2
Boyacá,Socha,0,0,0,0,0,0,2,0,0,0,0,0,0,0,0,0,0,0,0,0,0,0,0,0,0,0,0,0,0,0,0,2
Santander,California,0,0,0,0,0,0,0,0,1,0,0,0,0,0,0,0,0,0,0,0,0,0,0,0,0,0,0,0,1,0,0,2
Santander,Coromoro,0,0,0,0,0,0,1,1,0,0,0,0,0,0,0,0,0,0,0,0,0,0,0,0,0,0,0,0,0,0,0,2
Boyacá,Puerto Boyacá,0,0,0,0,0,0,1,0,0,0,1,0,0,0,0,0,0,0,0,0,0,0,0,0,0,0,0,0,0,0,0,2
Boyacá,Paya,0,0,0,0,0,0,0,0,0,0,1,0,0,1,0,0,0,0,0,0,0,0,0,0,0,0,0,0,0,0,0,2
Boyacá,Pauna,0,0,0,0,0,0,0,2,0,0,0,0,0,0,0,0,0,0,0,0,0,0,0,0,0,0,0,0,0,0,0,2
Santander,Güepsa,0,0,0,0,0,0,0,2,0,0,0,0,0,0,0,0,0,0,0,0,0,0,0,0,0,0,0,0,0,0,0,2
Boyacá,El Cocuy,0,0,0,0,0,0,0,1,0,0,0,0,0,0,0,0,0,0,0,0,0,0,0,0,0,0,1,0,0,0,0,2
Bolívar,Clemencia,0,0,0,0,0,0,0,0,0,2,0,0,0,0,0,0,0,0,0,0,0,0,0,0,0,0,0,0,0,0,0,2
Boyacá,Covarachía,0,0,1,0,0,0,0,0,1,0,0,0,0,0,0,0,0,0,0,0,0,0,0,0,0,0,0,0,0,0,0,2
Boyacá,Chivor,0,0,0,0,0,0,0,0,0,1,0,0,0,0,1,0,0,0,0,0,0,0,0,0,0,0,0,0,0,0,0,2
Boyacá,Belén,0,0,0,0,0,0,1,0,0,0,0,1,0,0,0,0,0,0,0,0,0,0,0,0,0,0,0,0,0,0,0,2
Sucre,Caimito,0,0,0,0,0,0,0,1,0,0,1,0,0,0,0,0,0,0,0,0,0,0,0,0,0,0,0,0,0,0,0,2
Bolívar,San Martín de Loba,0,0,0,0,1,1,0,0,0,0,0,0,0,0,0,0,0,0,0,0,0,0,0,0,0,0,0,0,0,0,0,2
Sucre,Guaranda,0,0,0,1,0,0,0,0,1,0,0,0,0,0,0,0,0,0,0,0,0,0,0,0,0,0,0,0,0,0,0,2
Bolívar,Regidor,0,0,0,0,0,0,0,0,0,0,0,0,0,0,0,0,0,0,0,0,0,0,0,0,0,0,0,1,0,0,1,2
Bolívar,Mompós,0,0,0,0,0,0,1,0,0,0,0,0,0,0,0,0,0,0,0,0,0,0,0,0,0,0,0,0,0,1,0,2
Sucre,Sampues,0,0,0,0,0,0,0,0,0,0,0,0,0,0,0,0,0,0,0,0,0,0,0,0,0,0,0,0,1,0,1,2
Casanare,Nunchía,0,0,0,0,0,0,2,0,0,0,0,0,0,0,0,0,0,0,0,0,0,0,0,0,0,0,0,0,0,0,0,2
Norte de Santander,Lourdes,0,0,0,0,0,0,0,2,0,0,0,0,0,0,0,0,0,0,0,0,0,0,0,0,0,0,0,0,0,0,0,2
Magdalena,Zapayán,0,0,0,0,0,0,1,0,0,1,0,0,0,0,0,0,0,0,0,0,0,0,0,0,0,0,0,0,0,0,0,2
Nariño,Arboleda,0,0,0,0,0,0,0,1,1,0,0,0,0,0,0,0,0,0,0,0,0,0,0,0,0,0,0,0,0,0,0,2
Córdoba,Puerto Escondido,0,0,0,0,0,0,0,0,0,0,1,0,0,0,0,0,0,0,0,0,0,0,0,1,0,0,0,0,0,0,0,2
Nariño,Buesaco,0,0,0,0,0,0,1,0,0,0,0,0,0,1,0,0,0,0,0,0,0,0,0,0,0,0,0,0,0,0,0,2
La Guajira,Manaure,0,0,0,0,0,0,0,0,1,1,0,0,0,0,0,0,0,0,0,0,0,0,0,0,0,0,0,0,0,0,0,2
Córdoba,Moñitos,0,0,0,0,0,0,0,0,0,0,1,1,0,0,0,0,0,0,0,0,0,0,0,0,0,0,0,0,0,0,0,2
Córdoba,La Apartada,0,0,0,0,0,0,0,0,0,0,0,0,1,0,0,0,0,0,0,0,0,0,0,0,0,0,0,0,0,0,1,2
Córdoba,Cuchilla del Barrio (Córdoba mountains),0,0,0,0,0,0,0,0,2,0,0,0,0,0,0,0,0,0,0,0,0,0,0,0,0,0,0,0,0,0,0,2
Chocó,Río Jiguamiandó,0,0,0,0,0,0,0,2,0,0,0,0,0,0,0,0,0,0,0,0,0,0,0,0,0,0,0,0,0,0,0,2
Nariño,Sandoná,0,0,0,0,0,0,0,1,1,0,0,0,0,0,0,0,0,0,0,0,0,0,0,0,0,0,0,0,0,0,0,2
Cundinamarca,Venecia,0,0,0,0,0,0,0,0,1,0,0,0,0,0,0,0,0,0,0,0,0,0,0,0,1,0,0,0,0,0,0,2
Chocó,Bajo Baudó,0,0,0,0,0,0,0,0,0,0,0,0,1,0,0,0,0,0,0,0,0,0,0,0,0,0,0,0,1,0,0,2
Cundinamarca,Sasaima,0,0,0,0,0,0,0,0,0,2,0,0,0,0,0,0,0,0,0,0,0,0,0,0,0,0,0,0,0,0,0,2
Cundinamarca,Albán,0,0,0,0,0,0,0,0,1,1,0,0,0,0,0,0,0,0,0,0,0,0,0,0,0,0,0,0,0,0,0,2
Magdalena,Concordia,0,0,0,0,0,0,0,0,1,1,0,0,0,0,0,0,0,0,0,0,0,0,0,0,0,0,0,0,0,0,0,2
Magdalena,Salamina,0,0,0,0,0,0,1,0,0,0,1,0,0,0,0,0,0,0,0,0,0,0,0,0,0,0,0,0,0,0,0,2
Magdalena,San Zenón,0,0,0,0,0,0,0,0,0,0,0,0,0,0,0,0,0,0,0,0,0,0,0,0,0,0,0,0,0,1,1,2
Nariño,Guachucal,0,0,0,0,0,0,0,0,0,0,2,0,0,0,0,0,0,0,0,0,0,0,0,0,0,0,0,0,0,0,0,2
Nariño,Mosquera,0,0,0,0,0,0,0,0,0,0,0,1,0,0,0,0,0,0,0,0,0,0,0,0,0,0,0,0,0,1,0,2
Cundinamarca,Caparrapí,0,0,0,0,0,0,1,0,0,1,0,0,0,0,0,0,0,0,0,0,0,0,0,0,0,0,0,0,0,0,0,2
Cundinamarca,Ubalá,0,0,0,0,0,0,0,0,0,2,0,0,0,0,0,0,0,0,0,0,0,0,0,0,0,0,0,0,0,0,0,2
Huila,Teruel,0,0,0,0,0,0,1,0,0,0,0,0,0,0,0,0,0,0,0,0,0,0,0,0,0,0,0,1,0,0,0,2
Nariño,La Florida,0,0,0,0,0,0,0,1,0,0,0,0,0,0,0,0,0,0,0,0,0,0,0,0,1,0,0,0,0,0,0,2
Cesar,La Paz village,0,0,0,0,0,0,0,0,0,1,0,0,0,0,0,0,0,0,0,0,0,0,0,0,0,0,0,0,0,0,1,2
Huila,Paicol,0,0,0,0,0,0,0,0,0,0,0,0,2,0,0,0,0,0,0,0,0,0,0,0,0,0,0,0,0,0,0,2
Huila,Saladoblanco,0,0,0,0,0,0,0,0,0,2,0,0,0,0,0,0,0,0,0,0,0,0,0,0,0,0,0,0,0,0,0,2
Cundinamarca,La Calera,1,0,0,0,0,0,0,0,1,0,0,0,0,0,0,0,0,0,0,0,0,0,0,0,0,0,0,0,0,0,0,2
Huila,Agrado,0,0,0,0,0,0,0,0,0,1,0,0,0,1,0,0,0,0,0,0,0,0,0,0,0,0,0,0,0,0,0,2
Córdoba,Valencia,0,0,0,0,0,0,0,0,1,0,0,0,0,1,0,0,0,0,0,0,0,0,0,0,0,0,0,0,0,0,0,2
Cundinamarca,Junin,0,0,0,0,0,0,0,1,1,0,0,0,0,0,0,0,0,0,0,0,0,0,0,0,0,0,0,0,0,0,0,2
Norte de Santander,El Zulia,0,0,0,0,0,0,0,0,0,0,0,0,0,0,0,0,0,0,0,0,0,0,0,0,0,0,0,0,0,0,2,2
Cesar,San Martín,0,0,0,0,0,0,0,0,0,0,0,0,0,1,0,0,0,0,0,0,0,0,0,0,0,0,0,0,1,0,0,2
Nariño,Santa Bárbara,0,0,0,0,0,0,0,0,0,0,0,0,0,0,0,0,0,0,0,0,0,0,0,0,0,0,1,0,0,0,1,2
Meta,San Juanito,0,0,0,0,0,0,0,1,1,0,0,0,0,0,0,0,0,0,0,0,0,0,0,0,0,0,0,0,0,0,0,2
Antioquia,military base between Alejandria and Guatape,0,0,0,0,0,0,1,0,0,0,0,0,0,0,0,0,0,0,0,0,0,0,0,0,0,0,0,0,0,0,0,1
Meta,Puerto López,0,0,0,0,0,0,0,0,0,0,0,0,0,0,0,0,0,0,0,0,0,0,0,0,0,0,0,0,1,0,0,1
Cundinamarca,Supatá,0,0,0,0,0,0,0,0,0,1,0,0,0,0,0,0,0,0,0,0,0,0,0,0,0,0,0,0,0,0,0,1
Bolívar,San Cristóbal,0,0,0,0,0,0,1,0,0,0,0,0,0,0,0,0,0,0,0,0,0,0,0,0,0,0,0,0,0,0,0,1
Arauca,Bridge over Culebrero river,0,0,0,0,0,0,0,0,1,0,0,0,0,0,0,0,0,0,0,0,0,0,0,0,0,0,0,0,0,0,0,1
Amazonas,Garagoa,0,0,0,0,0,0,0,0,0,1,0,0,0,0,0,0,0,0,0,0,0,0,0,0,0,0,0,0,0,0,0,1
Antioquia,Tarso,0,0,0,0,0,0,1,0,0,0,0,0,0,0,0,0,0,0,0,0,0,0,0,0,0,0,0,0,0,0,0,1
Antioquia,The road connecting Carepa town with Zungo Embarcadero village,0,1,0,0,0,0,0,0,0,0,0,0,0,0,0,0,0,0,0,0,0,0,0,0,0,0,0,0,0,0,0,1
Antioquia,Sopetrán,0,0,0,0,0,0,0,0,0,0,1,0,0,0,0,0,0,0,0,0,0,0,0,0,0,0,0,0,0,0,0,1
Cundinamarca,Tausa,0,0,0,0,0,0,0,0,1,0,0,0,0,0,0,0,0,0,0,0,0,0,0,0,0,0,0,0,0,0,0,1
Antioquia,San Pedro de los Milagros,0,0,0,1,0,0,0,0,0,0,0,0,0,0,0,0,0,0,0,0,0,0,0,0,0,0,0,0,0,0,0,1
Bolívar,San Jacinto del Cauca,0,0,0,0,0,0,0,0,0,0,0,0,0,0,0,0,0,0,0,0,0,0,0,0,0,0,0,0,0,1,0,1
Cundinamarca,Tena,0,0,0,0,0,0,1,0,0,0,0,0,0,0,0,0,0,0,0,0,0,0,0,0,0,0,0,0,0,0,0,1
Magdalena,Road between Santa Ana and Santa Rosa towns,0,0,0,0,0,0,0,0,0,0,1,0,0,0,0,0,0,0,0,0,0,0,0,0,0,0,0,0,0,0,0,1
Meta,Road between Granada and Fuente de Oro,0,0,0,1,0,0,0,0,0,0,0,0,0,0,0,0,0,0,0,0,0,0,0,0,0,0,0,0,0,0,0,1
Cundinamarca,Tocaima,0,0,0,1,0,0,0,0,0,0,0,0,0,0,0,0,0,0,0,0,0,0,0,0,0,0,0,0,0,0,0,1
Cundinamarca,Simijaca,0,0,0,0,0,0,0,0,0,1,0,0,0,0,0,0,0,0,0,0,0,0,0,0,0,0,0,0,0,0,0,1
Cundinamarca,Madrid,0,0,0,0,0,0,0,0,0,0,0,1,0,0,0,0,0,0,0,0,0,0,0,0,0,0,0,0,0,0,0,1
Bolívar,Pinillos,0,0,0,0,0,0,0,0,0,0,0,0,0,0,0,0,0,0,0,0,0,0,0,0,0,0,0,0,0,1,0,1
Antioquia,Sabaneta,0,0,0,0,0,0,0,0,0,1,0,0,0,0,0,0,0,0,0,0,0,0,0,0,0,0,0,0,0,0,0,1
Cundinamarca,Nimaima,0,1,0,0,0,0,0,0,0,0,0,0,0,0,0,0,0,0,0,0,0,0,0,0,0,0,0,0,0,0,0,1
Cundinamarca,Pandi,0,0,0,0,0,0,0,0,1,0,0,0,0,0,0,0,0,0,0,0,0,0,0,0,0,0,0,0,0,0,0,1
Atlántico,Usiacurí,0,0,0,0,0,0,0,0,1,0,0,0,0,0,0,0,0,0,0,0,0,0,0,0,0,0,0,0,0,0,0,1
Tolima,Ambalema,0,0,0,0,0,0,0,0,1,0,0,0,0,0,0,0,0,0,0,0,0,0,0,0,0,0,0,0,0,0,0,1
Atlántico,Tubará,0,0,0,0,0,0,0,0,0,0,0,0,0,0,0,0,0,0,0,0,0,0,0,0,0,0,0,0,0,1,0,1
Bolívar,El Peñón,0,0,0,0,0,0,0,0,0,0,0,1,0,0,0,0,0,0,0,0,0,0,0,0,0,0,0,0,0,0,0,1
Cundinamarca,Paratebueno,0,0,0,0,0,0,0,0,0,1,0,0,0,0,0,0,0,0,0,0,0,0,0,0,0,0,0,0,0,0,0,1
Bolívar,Highway linking El Carmen de Bolivar and Zambrano,0,0,0,0,0,0,0,0,0,0,0,0,1,0,0,0,0,0,0,0,0,0,0,0,0,0,0,0,0,0,0,1
Bolívar,Margarita,0,0,0,0,0,0,0,0,0,1,0,0,0,0,0,0,0,0,0,0,0,0,0,0,0,0,0,0,0,0,0,1
Cundinamarca,Puli,0,0,0,0,0,0,0,0,1,0,0,0,0,0,0,0,0,0,0,0,0,0,0,0,0,0,0,0,0,0,0,1
Bolívar,Palomino,0,0,0,0,0,0,0,0,0,0,0,0,0,0,0,0,0,0,0,0,0,0,0,0,0,0,0,0,0,0,1,1
Cundinamarca,Ricaurte,0,0,0,0,0,0,0,0,0,1,0,0,0,0,0,0,0,0,0,0,0,0,0,0,0,0,0,0,0,0,0,1
Atlántico,Palmar de Varela,0,0,0,0,0,0,0,0,0,0,1,0,0,0,0,0,0,0,0,0,0,0,0,0,0,0,0,0,0,0,0,1
Tolima,Coello,0,0,0,0,0,0,0,0,0,0,0,0,0,0,1,0,0,0,0,0,0,0,0,0,0,0,0,0,0,0,0,1
Cundinamarca,La Mesa,0,0,0,0,0,0,0,1,0,0,0,0,0,0,0,0,0,0,0,0,0,0,0,0,0,0,0,0,0,0,0,1
Atlántico,Manatí,0,0,0,0,0,0,0,0,0,0,0,1,0,0,0,0,0,0,0,0,0,0,0,0,0,0,0,0,0,0,0,1
Cundinamarca,San Cayetano,0,0,1,0,0,0,0,0,0,0,0,0,0,0,0,0,0,0,0,0,0,0,0,0,0,0,0,0,0,0,0,1
Atlántico,Candelaria,0,0,0,0,0,0,0,0,0,1,0,0,0,0,0,0,0,0,0,0,0,0,0,0,0,0,0,0,0,0,0,1
Cundinamarca,La Capilla,0,0,0,0,0,0,0,1,0,0,0,0,0,0,0,0,0,0,0,0,0,0,0,0,0,0,0,0,0,0,0,1
Cundinamarca,Near Cundinamarca-Meta border,0,0,0,0,0,0,0,1,0,0,0,0,0,0,0,0,0,0,0,0,0,0,0,0,0,0,0,0,0,0,0,1
Meta,Cubarral,0,0,0,0,0,0,0,0,0,0,0,1,0,0,0,0,0,0,0,0,0,0,0,0,0,0,0,0,0,0,0,1
Cundinamarca,Zipacón,0,0,0,0,0,0,0,0,1,0,0,0,0,0,0,0,0,0,0,0,0,0,0,0,0,0,0,0,0,0,0,1
Antioquia,Río Porce,0,0,1,0,0,0,0,0,0,0,0,0,0,0,0,0,0,0,0,0,0,0,0,0,0,0,0,0,0,0,0,1
Valle del Cauca,Ulloa,0,0,0,0,0,0,0,1,0,0,0,0,0,0,0,0,0,0,0,0,0,0,0,0,0,0,0,0,0,0,0,1
Huila,Tesalia,0,0,0,0,0,0,0,0,0,0,0,0,0,0,0,0,0,0,0,0,0,0,0,0,0,0,0,0,0,1,0,1
Antioquia,Between San Rafael and Alejandria,0,0,0,0,0,0,0,1,0,0,0,0,0,0,0,0,0,0,0,0,0,0,0,0,0,0,0,0,0,0,0,1
Valle del Cauca,Naya river,0,0,0,0,0,0,0,0,0,0,0,0,0,0,0,0,0,0,0,0,0,0,0,0,1,0,0,0,0,0,0,1
Córdoba,San Antero,0,0,0,0,0,0,0,0,0,0,0,0,0,0,1,0,0,0,0,0,0,0,0,0,0,0,0,0,0,0,0,1
Córdoba,Tuchin,0,0,0,0,0,0,0,1,0,0,0,0,0,0,0,0,0,0,0,0,0,0,0,0,0,0,0,0,0,0,0,1
Antioquia,Belmira,0,0,0,0,0,0,1,0,0,0,0,0,0,0,0,0,0,0,0,0,0,0,0,0,0,0,0,0,0,0,0,1
Valle del Cauca,Road between Buga and San Pedro villages,0,0,0,0,0,0,0,0,0,0,0,1,0,0,0,0,0,0,0,0,0,0,0,0,0,0,0,0,0,0,0,1
Antioquia,Bajo Cauca region,0,0,0,0,0,0,0,0,0,0,0,0,0,0,0,0,0,0,0,0,0,0,0,1,0,0,0,0,0,0,0,1
Valle del Cauca,Toró,0,0,0,0,0,0,0,0,1,0,0,0,0,0,0,0,0,0,0,0,0,0,0,0,0,0,0,0,0,0,0,1
Antioquia,Armenia,0,0,0,0,0,0,0,0,0,0,0,0,0,0,0,0,0,0,0,0,0,0,0,0,0,0,1,0,0,0,0,1
Huila,Road between La Plata and La Argentina,0,0,0,0,0,1,0,0,0,0,0,0,0,0,0,0,0,0,0,0,0,0,0,0,0,0,0,0,0,0,0,1
La Guajira,Albania,0,0,0,0,0,0,0,0,0,0,0,0,1,0,0,0,0,0,0,0,0,0,0,0,0,0,0,0,0,0,0,1
Valle del Cauca,Vijes,0,0,0,0,0,0,1,0,0,0,0,0,0,0,0,0,0,0,0,0,0,0,0,0,0,0,0,0,0,0,0,1
Guainía,Morichal Nuevo,0,0,0,0,0,0,0,0,0,0,0,0,0,0,0,0,0,0,0,0,0,0,0,0,0,0,0,1,0,0,0,1
Valle del Cauca,Yotoco,0,0,0,0,0,0,0,0,0,0,0,1,0,0,0,0,0,0,0,0,0,0,0,0,0,0,0,0,0,0,0,1
Amazonas,Road between Pasto and the department of Putumayo,0,0,0,0,0,1,0,0,0,0,0,0,0,0,0,0,0,0,0,0,0,0,0,0,0,0,0,0,0,0,0,1
Huila,Pital,0,0,0,0,0,0,0,1,0,0,0,0,0,0,0,0,0,0,0,0,0,0,0,0,0,0,0,0,0,0,0,1
Amazonas,Puerto Santander,0,0,0,0,0,0,0,0,0,0,0,0,0,0,0,0,0,0,0,0,1,0,0,0,0,0,0,0,0,0,0,1
Guaviare,Between Puerto Colombia and El Barrancon,0,1,0,0,0,0,0,0,0,0,0,0,0,0,0,0,0,0,0,0,0,0,0,0,0,0,0,0,0,0,0,1
Vaupés,Taraira,0,0,0,0,0,0,1,0,0,0,0,0,0,0,0,0,0,0,0,0,0,0,0,0,0,0,0,0,0,0,0,1
Amazonas,Leticia,0,0,0,0,0,0,0,0,0,0,0,0,0,0,0,0,0,0,0,0,0,0,0,0,0,0,0,0,1,0,0,1
Huila,La Argentina,0,0,0,0,0,0,0,0,1,0,0,0,0,0,0,0,0,0,0,0,0,0,0,0,0,0,0,0,0,0,0,1
Huila,Villalobos river,0,0,0,0,0,0,0,0,1,0,0,0,0,0,0,0,0,0,0,0,0,0,0,0,0,0,0,0,0,0,0,1
Antioquia,Cisneros,0,0,0,0,0,0,1,0,0,0,0,0,0,0,0,0,0,0,0,0,0,0,0,0,0,0,0,0,0,0,0,1
Antioquia,Road that connects the towns of Yolombo and Amalfi,0,0,0,0,0,0,1,0,0,0,0,0,0,0,0,0,0,0,0,0,0,0,0,0,0,0,0,0,0,0,0,1
Valle del Cauca,Candelaria,0,0,0,0,0,0,0,0,0,0,1,0,0,0,0,0,0,0,0,0,0,0,0,0,0,0,0,0,0,0,0,1
Cundinamarca,Utica,0,0,0,0,0,0,0,0,0,1,0,0,0,0,0,0,0,0,0,0,0,0,0,0,0,0,0,0,0,0,0,1
Magdalena,Highway between Cienaga and Fundacion,0,0,0,0,0,0,0,0,1,0,0,0,0,0,0,0,0,0,0,0,0,0,0,0,0,0,0,0,0,0,0,1
Tolima,Saldaña,0,0,0,0,0,0,0,0,0,1,0,0,0,0,0,0,0,0,0,0,0,0,0,0,0,0,0,0,0,0,0,1
Antioquia,La Estrella,0,0,0,0,0,0,0,0,1,0,0,0,0,0,0,0,0,0,0,0,0,0,0,0,0,0,0,0,0,0,0,1
Cundinamarca,Vergara,0,0,0,0,0,0,0,0,1,0,0,0,0,0,0,0,0,0,0,0,0,0,0,0,0,0,0,0,0,0,0,1
Meta,Road between Villavicencio and Yopal,0,0,0,0,0,0,0,0,1,0,0,0,0,0,0,0,0,0,0,0,0,0,0,0,0,0,0,0,0,0,0,1
Tolima,Valle de San Juan,0,0,0,0,0,0,0,1,0,0,0,0,0,0,0,0,0,0,0,0,0,0,0,0,0,0,0,0,0,0,0,1
Magdalena,Chibolo,0,0,0,0,0,0,0,0,0,0,0,0,0,0,0,0,0,0,0,0,0,0,0,0,0,0,0,0,0,0,1,1
Cundinamarca,Zipaquirá,0,0,0,0,0,0,0,0,0,0,0,0,0,0,0,0,0,0,0,0,0,0,0,0,0,0,0,0,1,0,0,1
Valle del Cauca,La Unión,0,0,0,0,0,0,1,0,0,0,0,0,0,0,0,0,0,0,0,0,0,0,0,0,0,0,0,0,0,0,0,1
Antioquia,Highway between between San Luis and San Carlos,0,0,0,0,0,0,1,0,0,0,0,0,0,0,0,0,0,0,0,0,0,0,0,0,0,0,0,0,0,0,0,1
Córdoba,Pueblo Nuevo,0,0,0,0,0,0,0,0,0,0,0,0,0,1,0,0,0,0,0,0,0,0,0,0,0,0,0,0,0,0,0,1
Antioquia,Highway between Medellin and Quibdo,0,0,0,0,0,0,0,0,1,0,0,0,0,0,0,0,0,0,0,0,0,0,0,0,0,0,0,0,0,0,0,1
Valle del Cauca,Alcalá,0,0,0,0,0,0,0,0,0,1,0,0,0,0,0,0,0,0,0,0,0,0,0,0,0,0,0,0,0,0,0,1
Córdoba,Ayapel,0,0,0,0,0,0,0,0,0,0,0,0,1,0,0,0,0,0,0,0,0,0,0,0,0,0,0,0,0,0,0,1
La Guajira,The road between the municipality of Distraccion and Fonseca,0,0,0,0,0,1,0,0,0,0,0,0,0,0,0,0,0,0,0,0,0,0,0,0,0,0,0,0,0,0,0,1
Córdoba,Cotorra,0,0,0,0,0,0,0,0,0,0,0,0,0,1,0,0,0,0,0,0,0,0,0,0,0,0,0,0,0,0,0,1
Antioquia,Envigado,0,0,0,0,0,0,0,1,0,0,0,0,0,0,0,0,0,0,0,0,0,0,0,0,0,0,0,0,0,0,0,1
Antioquia,Entrerrios,0,0,0,0,0,0,0,1,0,0,0,0,0,0,0,0,0,0,0,0,0,0,0,0,0,0,0,0,0,0,0,1
Antioquia,Ebéjico,0,0,0,0,0,0,1,0,0,0,0,0,0,0,0,0,0,0,0,0,0,0,0,0,0,0,0,0,0,0,0,1
Antioquia,Cordillera Occidental mountains,0,0,0,0,0,1,0,0,0,0,0,0,0,0,0,0,0,0,0,0,0,0,0,0,0,0,0,0,0,0,0,1
Valle del Cauca,El Cairo,0,0,0,0,0,0,1,0,0,0,0,0,0,0,0,0,0,0,0,0,0,0,0,0,0,0,0,0,0,0,0,1
Bolívar,San Lucas Mountains,0,0,0,0,0,0,0,0,0,0,0,0,0,0,0,0,0,0,0,0,0,0,0,0,0,0,0,0,0,1,0,1
Cundinamarca,Highway between Yacopí and La Palma,0,0,0,0,0,1,0,0,0,0,0,0,0,0,0,0,0,0,0,0,0,0,0,0,0,0,0,0,0,0,0,1
Bolívar,Santa Catalina,0,0,0,0,0,0,0,0,0,0,0,1,0,0,0,0,0,0,0,0,0,0,0,0,0,0,0,0,0,0,0,1
Caquetá,Road between Doncello and Puerto Rico,0,0,0,0,0,0,0,1,0,0,0,0,0,0,0,0,0,0,0,0,0,0,0,0,0,0,0,0,0,0,0,1
Chocó,Near the border with Panamá,0,0,0,0,0,0,0,0,0,1,0,0,0,0,0,0,0,0,0,0,0,0,0,0,0,0,0,0,0,0,0,1
Casanare,La Salina,0,0,0,0,0,0,0,0,0,0,1,0,0,0,0,0,0,0,0,0,0,0,0,0,0,0,0,0,0,0,0,1
Chocó,Quito river,0,0,0,0,0,0,0,0,0,0,1,0,0,0,0,0,0,0,0,0,0,0,0,0,0,0,0,0,0,0,0,1
Quindío,Córdoba,0,0,0,0,0,0,0,0,0,0,1,0,0,0,0,0,0,0,0,0,0,0,0,0,0,0,0,0,0,0,0,1
Quindío,Between Córdoba and Calarca,0,0,0,0,0,0,1,0,0,0,0,0,0,0,0,0,0,0,0,0,0,0,0,0,0,0,0,0,0,0,0,1
Casanare,Cusiana-Cupiagua oil field,0,0,0,0,0,1,0,0,0,0,0,0,0,0,0,0,0,0,0,0,0,0,0,0,0,0,0,0,0,0,0,1
Quindío,Circasia,0,0,0,0,0,0,1,0,0,0,0,0,0,0,0,0,0,0,0,0,0,0,0,0,0,0,0,0,0,0,0,1
Caquetá,Road between Valparaiso and Morelia,0,0,0,0,0,0,0,1,0,0,0,0,0,0,0,0,0,0,0,0,0,0,0,0,0,0,0,0,0,0,0,1
Quindío,La Tebaida,0,0,0,0,0,0,0,0,0,0,0,0,0,0,0,0,0,0,0,0,0,0,1,0,0,0,0,0,0,0,0,1
Nariño,Yacuanquer,0,0,0,0,0,0,0,0,1,0,0,0,0,0,0,0,0,0,0,0,0,0,0,0,0,0,0,0,0,0,0,1
Chocó,Río Iro,0,0,0,0,0,0,0,0,0,0,0,0,0,0,0,0,0,0,0,0,0,0,0,0,0,0,0,0,0,0,1,1
Nariño,Tangua,0,0,0,0,0,0,0,0,0,0,0,0,0,0,1,0,0,0,0,0,0,0,0,0,0,0,0,0,0,0,0,1
Norte de Santander,Bochalema,0,0,0,0,0,0,0,0,1,0,0,0,0,0,0,0,0,0,0,0,0,0,0,0,0,0,0,0,0,0,0,1
Caquetá,Caguan river,0,0,0,0,1,0,0,0,0,0,0,0,0,0,0,0,0,0,0,0,0,0,0,0,0,0,0,0,0,0,0,1
Caquetá,Between El Doncello and Paujil,0,0,0,0,0,0,0,0,1,0,0,0,0,0,0,0,0,0,0,0,0,0,0,0,0,0,0,0,0,0,0,1
Cundinamarca,Granada,0,0,0,0,0,0,1,0,0,0,0,0,0,0,0,0,0,0,0,0,0,0,0,0,0,0,0,0,0,0,0,1
Caldas,San José,0,0,0,0,0,0,0,0,1,0,0,0,0,0,0,0,0,0,0,0,0,0,0,0,0,0,0,0,0,0,0,1
Cundinamarca,La Vega,0,0,0,0,0,0,1,0,0,0,0,0,0,0,0,0,0,0,0,0,0,0,0,0,0,0,0,0,0,0,0,1
Caldas,Belalcazar,0,0,0,0,0,0,0,0,0,0,1,0,0,0,0,0,0,0,0,0,0,0,0,0,0,0,0,0,0,0,0,1
Nariño,Road between Pasto and El Encanto,0,0,0,0,0,0,0,0,1,0,0,0,0,0,0,0,0,0,0,0,0,0,0,0,0,0,0,0,0,0,0,1
Nariño,Road between La Unión and Pasto,0,0,0,0,0,0,0,0,1,0,0,0,0,0,0,0,0,0,0,0,0,0,0,0,0,0,0,0,0,0,0,1
Cundinamarca,Anapoima,0,0,0,1,0,0,0,0,0,0,0,0,0,0,0,0,0,0,0,0,0,0,0,0,0,0,0,0,0,0,0,1
San Andrés y Providencia,San Andrés,0,0,0,0,0,0,0,0,0,1,0,0,0,0,0,0,0,0,0,0,0,0,0,0,0,0,0,0,0,0,0,1
Nariño,Providencia,0,0,0,0,0,0,1,0,0,0,0,0,0,0,0,0,0,0,0,0,0,0,0,0,0,0,0,0,0,0,0,1
Casanare,Monterrey,0,0,0,0,0,0,0,0,0,0,0,0,0,1,0,0,0,0,0,0,0,0,0,0,0,0,0,0,0,0,0,1
Huila,Elías,0,0,0,0,0,0,1,0,0,0,0,0,0,0,0,0,0,0,0,0,0,0,0,0,0,0,0,0,0,0,0,1
Cundinamarca,Arbeláez,0,0,0,0,0,0,0,1,0,0,0,0,0,0,0,0,0,0,0,0,0,0,0,0,0,0,0,0,0,0,0,1
Cesar,Manaure,0,0,0,0,0,0,0,0,0,0,0,1,0,0,0,0,0,0,0,0,0,0,0,0,0,0,0,0,0,0,0,1
Norte de Santander,Pamplonita,0,0,0,0,0,0,0,0,1,0,0,0,0,0,0,0,0,0,0,0,0,0,0,0,0,0,0,0,0,0,0,1
Norte de Santander,Labateca,0,0,0,0,0,0,1,0,0,0,0,0,0,0,0,0,0,0,0,0,0,0,0,0,0,0,0,0,0,0,0,1
Norte de Santander,Road between Salazar de las Palmas and Santiago,0,0,0,0,0,1,0,0,0,0,0,0,0,0,0,0,0,0,0,0,0,0,0,0,0,0,0,0,0,0,0,1
Norte de Santander,Road between Tibú and Zuila,0,0,0,0,1,0,0,0,0,0,0,0,0,0,0,0,0,0,0,0,0,0,0,0,0,0,0,0,0,0,0,1
Cesar,Between Curumani and Pailitas,0,0,0,0,0,0,0,0,1,0,0,0,0,0,0,0,0,0,0,0,0,0,0,0,0,0,0,0,0,0,0,1
Cesar,Astrea,0,0,0,0,0,0,1,0,0,0,0,0,0,0,0,0,0,0,0,0,0,0,0,0,0,0,0,0,0,0,0,1
Norte de Santander,Santiago,0,0,0,0,0,0,0,0,0,0,0,0,0,0,0,0,0,1,0,0,0,0,0,0,0,0,0,0,0,0,0,1
Cesar,Highway between Valledupar and Bosconia,0,0,0,0,0,0,0,0,1,0,0,0,0,0,0,0,0,0,0,0,0,0,0,0,0,0,0,0,0,0,0,1
Norte de Santander,Silos,0,0,0,0,0,0,0,1,0,0,0,0,0,0,0,0,0,0,0,0,0,0,0,0,0,0,0,0,0,0,0,1
Cauca,Road between Pitayó and Jambalo villages,0,0,0,0,0,0,0,0,0,0,0,0,0,0,0,1,0,0,0,0,0,0,0,0,0,0,0,0,0,0,0,1
Cauca,Padilla Department,0,0,0,0,0,0,0,0,0,0,0,0,0,0,0,0,0,0,0,0,0,0,0,0,1,0,0,0,0,0,0,1
Cauca,Embalse Salvajina region,0,0,0,0,0,0,0,0,0,0,0,0,0,0,0,0,0,1,0,0,0,0,0,0,0,0,0,0,0,0,0,1
Casanare,Pore,0,0,0,0,0,1,0,0,0,0,0,0,0,0,0,0,0,0,0,0,0,0,0,0,0,0,0,0,0,0,0,1
Putumayo,Highway between Pitalito and Mocoa,0,0,0,0,0,0,0,1,0,0,0,0,0,0,0,0,0,0,0,0,0,0,0,0,0,0,0,0,0,0,0,1
Putumayo,Colón,0,0,0,0,0,0,1,0,0,0,0,0,0,0,0,0,0,0,0,0,0,0,0,0,0,0,0,0,0,0,0,1
Norte de Santander,El Mestizo area,0,0,0,0,0,0,0,0,1,0,0,0,0,0,0,0,0,0,0,0,0,0,0,0,0,0,0,0,0,0,0,1
Putumayo,Between Mocoa and Sibundoy,0,0,0,0,0,0,0,0,1,0,0,0,0,0,0,0,0,0,0,0,0,0,0,0,0,0,0,0,0,0,0,1
Putumayo,Between Puerto Asis and San Francisco,0,0,0,0,0,0,1,0,0,0,0,0,0,0,0,0,0,0,0,0,0,0,0,0,0,0,0,0,0,0,0,1
Putumayo,Loro Uno village,0,0,0,0,0,0,1,0,0,0,0,0,0,0,0,0,0,0,0,0,0,0,0,0,0,0,0,0,0,0,0,1
Cauca,Area between Padilla and Villa Rica,0,0,0,0,0,0,0,0,0,0,0,0,0,0,0,0,0,0,1,0,0,0,0,0,0,0,0,0,0,0,0,1
Putumayo,Near the Ecuadorian border,0,0,0,0,0,0,0,1,0,0,0,0,0,0,0,0,0,0,0,0,0,0,0,0,0,0,0,0,0,0,0,1
Cesar,Tamalameque,0,0,0,0,0,0,0,0,0,0,0,0,0,0,0,0,0,0,0,0,0,0,0,0,0,0,0,0,1,0,0,1
Chocó,Atrato,0,0,0,0,0,0,1,0,0,0,0,0,0,0,0,0,0,0,0,0,0,0,0,0,0,0,0,0,0,0,0,1
Chocó,Between Argelia and El Tambo,0,0,0,0,0,0,0,0,0,0,0,0,0,0,0,0,0,0,0,0,0,0,0,0,0,1,0,0,0,0,0,1
Boyacá,Zetaquira,0,0,0,0,0,0,0,0,0,0,1,0,0,0,0,0,0,0,0,0,0,0,0,0,0,0,0,0,0,0,0,1
Boyacá,Tutazá,0,0,0,0,0,0,0,1,0,0,0,0,0,0,0,0,0,0,0,0,0,0,0,0,0,0,0,0,0,0,0,1
Bolívar,Soplaviento,0,0,0,0,0,0,0,0,0,0,1,0,0,0,0,0,0,0,0,0,0,0,0,0,0,0,0,0,0,0,0,1
Santander,Road between Barracabarmeja and Bucaramanga,0,0,0,0,0,0,1,0,0,0,0,0,0,0,0,0,0,0,0,0,0,0,0,0,0,0,0,0,0,0,0,1
Boyacá,Monguí,0,0,0,0,0,0,0,0,0,0,0,1,0,0,0,0,0,0,0,0,0,0,0,0,0,0,0,0,0,0,0,1
Boyacá,Mongua,0,0,0,0,0,0,0,0,0,0,1,0,0,0,0,0,0,0,0,0,0,0,0,0,0,0,0,0,0,0,0,1
Santander,Macaravita,0,0,0,0,0,0,0,1,0,0,0,0,0,0,0,0,0,0,0,0,0,0,0,0,0,0,0,0,0,0,0,1
Cundinamarca,Funza,0,0,0,0,0,0,0,0,0,0,0,1,0,0,0,0,0,0,0,0,0,0,0,0,0,0,0,0,0,0,0,1
Santander,Molagavita,0,0,0,0,0,0,1,0,0,0,0,0,0,0,0,0,0,0,0,0,0,0,0,0,0,0,0,0,0,0,0,1
Santander,Onzaga,0,0,0,0,0,0,0,0,0,0,0,0,0,0,0,0,0,0,0,0,0,1,0,0,0,0,0,0,0,0,0,1
Santander,Paramo,0,0,0,0,0,0,0,0,1,0,0,0,0,0,0,0,0,0,0,0,0,0,0,0,0,0,0,0,0,0,0,1
Nariño,Ancuya,0,0,0,0,0,0,0,0,0,1,0,0,0,0,0,0,0,0,0,0,0,0,0,0,0,0,0,0,0,0,0,1
Cundinamarca,Gama,0,0,0,0,0,0,0,0,1,0,0,0,0,0,0,0,0,0,0,0,0,0,0,0,0,0,0,0,0,0,0,1
Cundinamarca,Guasca,0,0,0,0,0,1,0,0,0,0,0,0,0,0,0,0,0,0,0,0,0,0,0,0,0,0,0,0,0,0,0,1
Nariño,Córdoba,0,0,0,0,0,0,0,0,1,0,0,0,0,0,0,0,0,0,0,0,0,0,0,0,0,0,0,0,0,0,0,1
Santander,San Benito,0,0,0,0,0,0,0,1,0,0,0,0,0,0,0,0,0,0,0,0,0,0,0,0,0,0,0,0,0,0,0,1
Santander,La Belleza,0,0,0,0,1,0,0,0,0,0,0,0,0,0,0,0,0,0,0,0,0,0,0,0,0,0,0,0,0,0,0,1
Santander,San José de Miranda,0,0,0,0,0,0,0,0,0,0,1,0,0,0,0,0,0,0,0,0,0,0,0,0,0,0,0,0,0,0,0,1
Boyacá,Chivatá,0,0,0,0,0,0,0,0,0,0,0,1,0,0,0,0,0,0,0,0,0,0,0,0,0,0,0,0,0,0,0,1
Boyacá,Chiscas,0,0,0,0,0,0,0,0,0,1,0,0,0,0,0,0,0,0,0,0,0,0,0,0,0,0,0,0,0,0,0,1
Nariño,La Unión,0,0,0,0,0,0,0,0,0,1,0,0,0,0,0,0,0,0,0,0,0,0,0,0,0,0,0,0,0,0,0,1
Santander,Socorro,0,0,0,0,0,0,0,1,0,0,0,0,0,0,0,0,0,0,0,0,0,0,0,0,0,0,0,0,0,0,0,1
Boyacá,Campohermoso,0,0,0,0,0,0,0,0,0,0,0,0,0,0,0,0,0,0,0,0,0,0,0,0,0,0,0,1,0,0,0,1
Cesar,González,0,0,0,0,0,0,0,0,0,0,0,1,0,0,0,0,0,0,0,0,0,0,0,0,0,0,0,0,0,0,0,1
Meta,San Carlos de Guaroa,0,0,0,0,0,0,0,1,0,0,0,0,0,0,0,0,0,0,0,0,0,0,0,0,0,0,0,0,0,0,0,1
Meta,Río Duda river,0,0,0,0,0,0,0,0,1,0,0,0,0,0,0,0,0,0,0,0,0,0,0,0,0,0,0,0,0,0,0,1
Meta,Rural area between Lejanias and El Castillo,0,0,0,0,0,0,1,0,0,0,0,0,0,0,0,0,0,0,0,0,0,0,0,0,0,0,0,0,0,0,0,1
Bolívar,Talaigua Nuevo,0,0,0,0,0,0,0,0,1,0,0,0,0,0,0,0,0,0,0,0,0,0,0,0,0,0,0,0,0,0,0,1
Santander,La Paz,0,0,0,0,0,0,0,1,0,0,0,0,0,0,0,0,0,0,0,0,0,0,0,0,0,0,0,0,0,0,0,1
Santander,Jesús María,0,0,0,0,0,0,0,0,1,0,0,0,0,0,0,0,0,0,0,0,0,0,0,0,0,0,0,0,0,0,0,1
Cundinamarca,Between La Peña and Útica,0,0,0,0,0,0,1,0,0,0,0,0,0,0,0,0,0,0,0,0,0,0,0,0,0,0,0,0,0,0,0,1
Santander,Charalá,0,0,0,0,0,0,1,0,0,0,0,0,0,0,0,0,0,0,0,0,0,0,0,0,0,0,0,0,0,0,0,1
Santander,Santa Bárbara,0,0,0,0,0,0,0,1,0,0,0,0,0,0,0,0,0,0,0,0,0,0,0,0,0,0,0,0,0,0,0,1
Boyacá,Tasco,0,0,0,0,0,0,0,1,0,0,0,0,0,0,0,0,0,0,0,0,0,0,0,0,0,0,0,0,0,0,0,1
Cundinamarca,Bituima,0,0,0,0,0,0,1,0,0,0,0,0,0,0,0,0,0,0,0,0,0,0,0,0,0,0,0,0,0,0,0,1
Santander,Aguada,0,0,0,0,0,0,1,0,0,0,0,0,0,0,0,0,0,0,0,0,0,0,0,0,0,0,0,0,0,0,0,1
Santander,Barichara,0,0,0,0,0,0,0,0,1,0,0,0,0,0,0,0,0,0,0,0,0,0,0,0,0,0,0,0,0,0,0,1
Boyacá,Sora,0,0,0,0,0,0,0,0,0,1,0,0,0,0,0,0,0,0,0,0,0,0,0,0,0,0,0,0,0,0,0,1
Cundinamarca,Caqueza,0,0,0,0,0,0,1,0,0,0,0,0,0,0,0,0,0,0,0,0,0,0,0,0,0,0,0,0,0,0,0,1
Cundinamarca,Carmen de Carupa,0,0,0,0,0,0,0,0,1,0,0,0,0,0,0,0,0,0,0,0,0,0,0,0,0,0,0,0,0,0,0,1
Cundinamarca,Chipaque,0,0,0,0,0,0,0,1,0,0,0,0,0,0,0,0,0,0,0,0,0,0,0,0,0,0,0,0,0,0,0,1
Santander,Cepitá,0,0,1,0,0,0,0,0,0,0,0,0,0,0,0,0,0,0,0,0,0,0,0,0,0,0,0,0,0,0,0,1
Boyacá,San José village,1,0,0,0,0,0,0,0,0,0,0,0,0,0,0,0,0,0,0,0,0,0,0,0,0,0,0,0,0,0,0,1
Boyacá,Rural area between Chita and la Uvita,0,0,0,0,0,0,0,0,1,0,0,0,0,0,0,0,0,0,0,0,0,0,0,0,0,0,0,0,0,0,0,1
Santander,Hato,0,0,0,0,0,0,0,1,0,0,0,0,0,0,0,0,0,0,0,0,0,0,0,0,0,0,0,0,0,0,0,1
Nariño,Highway between Pasto and Tumaco,0,0,0,0,0,0,1,0,0,0,0,0,0,0,0,0,0,0,0,0,0,0,0,0,0,0,0,0,0,0,0,1
Boyacá,Páez,0,0,0,0,0,0,0,1,0,0,0,0,0,0,0,0,0,0,0,0,0,0,0,0,0,0,0,0,0,0,0,1
Santander,Confines,0,0,0,0,0,1,0,0,0,0,0,0,0,0,0,0,0,0,0,0,0,0,0,0,0,0,0,0,0,0,0,1
Santander,El Carmen de Chucurí,0,0,0,0,0,0,1,0,0,0,0,0,0,0,0,0,0,0,0,0,0,0,0,0,0,0,0,0,0,0,0,1
Nariño,Funes,0,0,0,0,0,0,0,0,1,0,0,0,0,0,0,0,0,0,0,0,0,0,0,0,0,0,0,0,0,0,0,1
Cundinamarca,Choachí,0,1,0,0,0,0,0,0,0,0,0,0,0,0,0,0,0,0,0,0,0,0,0,0,0,0,0,0,0,0,0,1
Cundinamarca,Facatativa,0,0,0,0,0,0,0,0,0,1,0,0,0,0,0,0,0,0,0,0,0,0,0,0,0,0,0,0,0,0,0,1
Santander,Galán,0,0,0,0,0,0,0,0,0,1,0,0,0,0,0,0,0,0,0,0,0,0,0,0,0,0,0,0,0,0,0,1
Cundinamarca,Fosca,0,0,0,0,0,0,0,1,0,0,0,0,0,0,0,0,0,0,0,0,0,0,0,0,0,0,0,0,0,0,0,1
Santander,Guaca,0,0,0,1,0,0,0,0,0,0,0,0,0,0,0,0,0,0,0,0,0,0,0,0,0,0,0,0,0,0,0,1
Nariño,Consacá,0,0,0,0,0,0,0,0,0,0,0,1,0,0,0,0,0,0,0,0,0,0,0,0,0,0,0,0,0,0,0,1
Amazonas,Amazonas department,0,0,0,0,0,0,0,0,0,0,1,0,0,0,0,0,0,0,0,0,0,0,0,0,0,0,0,0,0,0,0,1
